species_code,country_code,abundance,abundance_mean_avg,abundance_mean_max,peak_season,range_occupied_percent,range_total_percent,total_pop_percent,range_days_occupation,occupancy,score,frequency,frequency_pct,rarity_cap,commonness_basis,debug_range_occupied_max
cangoo,US-SD,3.5062448483252577,11.9752,32.3229,prebreeding_migration,0.9672,0.0211,0.0839,119.0,96.72,1.0,abundant,100.0,,peak_abundance_with_occupancy_days_modifiers,0.9672
rewbla,US-SD,3.031538510165128,12.13005,19.7291,postbreeding_migration,0.9546,0.0357,0.0604,126.0,95.46,1.0,abundant,100.0,,peak_abundance_with_occupancy_days_modifiers,0.9546
snogoo,US-SD,3.864979614761194,17.544575000000002,46.7023,prebreeding_migration,0.4505,0.0184,0.0552,133.0,45.050000000000004,1.0,abundant,100.0,,peak_abundance_with_occupancy_days_modifiers,0.4505
mallar3,US-SD,2.0654693841129528,4.297325,6.889,postbreeding_migration,0.6983,0.0077,0.0151,126.0,69.83,0.8613676366701898,abundant,86.13676366701898,,peak_abundance_with_occupancy_days_modifiers,0.6983
gwfgoo,US-SD,2.0353198382698476,1.808725,6.6547,prebreeding_migration,0.4964,0.0052,0.0,14.0,49.64,0.8487942994668848,abundant,84.87942994668848,,peak_abundance_with_occupancy_days_modifiers,0.4964
comgra,US-SD,1.8766213154085352,2.818575,5.5314,postbreeding_migration,0.6767,0.0326,0.074,112.0,67.67,0.7826118749625363,abundant,78.26118749625363,,peak_abundance_with_occupancy_days_modifiers,0.6767
eursta,US-SD,1.744825082038841,3.0584,4.7249,postbreeding_migration,0.9617,0.0144,0.0057,140.0,96.17,0.7276485765796645,common,72.76485765796646,,peak_abundance_with_occupancy_days_modifiers,0.9617
amerob,US-SD,1.6304554876565702,2.53425,4.1062,postbreeding_migration,1.0,0.0268,0.0329,98.0,100.0,0.6799527511282051,common,67.99527511282051,,peak_abundance_with_occupancy_days_modifiers,1.0
moudov,US-SD,1.495485032358069,1.320275,3.4615,breeding,0.9845,0.0224,0.036,119.0,98.45,0.623665699383452,common,62.366569938345194,,peak_abundance_with_occupancy_days_modifiers,0.9845
sancra,US-SD,1.469048773412239,1.6293999999999997,3.3451,prebreeding_migration,0.7595,0.0244,0.036,63.0,75.94999999999999,0.6126409230949618,common,61.26409230949618,,peak_abundance_with_occupancy_days_modifiers,0.7595
bnhcow,US-SD,1.387343810255462,1.161975,3.0042,breeding,1.0,0.022,0.0604,147.0,100.0,0.578567306918461,common,57.8567306918461,,peak_abundance_with_occupancy_days_modifiers,1.0
wesmea,US-SD,1.3438825618628518,1.4413,2.8339,breeding,0.9725,0.0526,0.114,112.0,97.25,0.5604425585670078,common,56.04425585670077,,peak_abundance_with_occupancy_days_modifiers,0.9725
fragul,US-SD,1.3365787688739577,1.4960333333333333,2.806,postbreeding_migration,0.3756,0.0598,0.0802,140.0,37.56,0.5573966403103816,common,55.73966403103816,,peak_abundance_with_occupancy_days_modifiers,0.3756
laplon,US-SD,1.3301736439805556,2.186033333333333,2.7817,prebreeding_migration,0.7427,,,,74.27,0.5547254957587151,common,55.47254957587151,,peak_abundance_with_occupancy_days_modifiers,0.7427
horlar,US-SD,1.1704987474682191,1.261075,2.2236,nonbreeding,0.8454,,,,84.54,0.4881358918157564,common,48.81358918157564,,peak_abundance_with_occupancy_days_modifiers,0.8454
cliswa,US-SD,1.1603970216090598,1.1371,2.1912,breeding,0.9792,0.0352,0.0411,84.0,97.92,0.48392314492319893,common,48.39231449231989,,peak_abundance_with_occupancy_days_modifiers,0.9792
cacgoo1,US-SD,1.116091958548755,0.7874,2.0529,prebreeding_migration,0.8335,0.0426,0.0311,105.0,83.35000000000001,0.465446498522958,common,46.5446498522958,,peak_abundance_with_occupancy_days_modifiers,0.8335
norpin,US-SD,1.103334455003439,0.676825,2.0142,prebreeding_migration,0.6917,0.008,0.0146,147.0,69.17,0.4601262063108516,common,46.01262063108516,,peak_abundance_with_occupancy_days_modifiers,0.6917
gadwal,US-SD,1.084952753882144,0.940375,1.9593,prebreeding_migration,0.7372,0.0126,0.0298,140.0,73.72,0.4524604415337922,common,45.24604415337922,,peak_abundance_with_occupancy_days_modifiers,0.7372
buwtea,US-SD,1.0497021172981016,1.5874999999999997,1.8568,postbreeding_migration,0.7774,0.0541,0.1252,126.0,77.74,0.437759784259922,common,43.7759784259922,,peak_abundance_with_occupancy_days_modifiers,0.7774
barswa,US-SD,1.0410537948068213,1.1634,1.8322,postbreeding_migration,0.9811,0.0037,0.0039,112.0,98.11,0.43415315364957535,common,43.415315364957536,,peak_abundance_with_occupancy_days_modifiers,0.9811
y00475,US-SD,1.019533005640862,1.17455,1.7719,postbreeding_migration,0.4005,0.063,0.0795,105.0,40.050000000000004,0.42517828747835823,common,42.51782874783582,,peak_abundance_with_occupancy_days_modifiers,0.4005
yehbla,US-SD,0.9494933727018734,1.1091,1.5844,breeding,0.5966,0.0858,0.1258,140.0,59.660000000000004,0.39596949185933544,common,39.596949185933546,,peak_abundance_with_occupancy_days_modifiers,0.5966
norsho,US-SD,0.8727567298504266,0.8108,1.3935,prebreeding_migration,0.7173,0.0147,0.0192,140.0,71.73,0.3639678261811283,common,36.39678261811283,,peak_abundance_with_occupancy_days_modifiers,0.7173
rinphe1,US-SD,0.8636491605485578,1.3718,1.3718,resident,0.9343,0.0153,0.0564,365.0,93.43,0.36016967477510786,common,36.01696747751079,,peak_abundance_with_occupancy_days_modifiers,0.9343
lessca,US-SD,0.8541174114428646,0.3941,1.3493,prebreeding_migration,0.6196,0.0502,0.0752,140.0,61.96,0.35619462665110474,common,35.619462665110476,,peak_abundance_with_occupancy_days_modifiers,0.6196
amegfi,US-SD,0.8438060568450584,0.9437249999999999,1.3252,breeding,1.0,0.0326,0.0375,112.0,100.0,0.3518944577843582,common,35.18944577843582,,peak_abundance_with_occupancy_days_modifiers,1.0
killde,US-SD,0.8432037767666245,0.9276,1.3238,postbreeding_migration,0.9329,0.0304,0.0611,140.0,93.28999999999999,0.3516432874829418,common,35.16432874829418,,peak_abundance_with_occupancy_days_modifiers,0.9329
snobun,US-SD,0.8173098231803678,0.5730666666666667,1.2644,nonbreeding,0.5995,,,,59.95,0.34084467009543673,common,34.08446700954367,,peak_abundance_with_occupancy_days_modifiers,0.5995
amtspa,US-SD,0.787320350577195,0.8776,1.1975,nonbreeding,0.9625,0.0621,0.0607,77.0,96.25,0.3283380886181836,common,32.83380886181836,,peak_abundance_with_occupancy_days_modifiers,0.9625
easkin,US-SD,0.7505666714274318,0.6358666666666667,1.1182,breeding,0.9787,0.0324,0.0686,56.0,97.87,0.31301061390871837,common,31.301061390871837,,peak_abundance_with_occupancy_days_modifiers,0.9787
daejun,US-SD,0.6789468311588039,0.634575,0.9718,nonbreeding,0.7915,0.0249,0.0133,105.0,79.14999999999999,0.28314282064806995,fairly_common,28.314282064806996,,peak_abundance_with_occupancy_days_modifiers,0.7915
ribgul,US-SD,0.6676242233288594,0.5264,0.9496,prebreeding_migration,0.4872,0.0519,0.0335,105.0,48.72,0.27842092642758937,fairly_common,27.842092642758935,,peak_abundance_with_occupancy_days_modifiers,0.4872
dickci,US-SD,0.662997203609062,0.3498333333333334,0.9406,breeding,0.9648,0.0738,0.0596,77.0,96.48,0.27649130932867505,fairly_common,27.649130932867504,,peak_abundance_with_occupancy_days_modifiers,0.9648
gnwtea,US-SD,0.6269539578251464,0.3813,0.8719,prebreeding_migration,0.6963,0.0064,0.0041,147.0,69.63000000000001,0.2614601083447169,fairly_common,26.14601083447169,,peak_abundance_with_occupancy_days_modifiers,0.6963
amecro,US-SD,0.6237971024251521,0.522575,0.866,prebreeding_migration,0.973,0.0222,0.0142,147.0,97.3,0.26014359738787673,fairly_common,26.014359738787675,,peak_abundance_with_occupancy_days_modifiers,0.973
brebla,US-SD,0.6040427054771245,0.3650333333333334,0.8295,postbreeding_migration,0.8547,0.0609,0.0351,98.0,85.47,0.25190537398749685,fairly_common,25.190537398749687,,peak_abundance_with_occupancy_days_modifiers,0.8547
redhea,US-SD,0.5985067764058244,0.3351,0.8194,prebreeding_migration,0.6084,0.0904,0.1141,119.0,60.84,0.24959671224813762,fairly_common,24.95967122481376,,peak_abundance_with_occupancy_days_modifiers,0.6084
rinduc,US-SD,0.5877311078032964,0.21427500000000002,0.7999,prebreeding_migration,0.7407,0.0287,0.0598,140.0,74.07000000000001,0.2451029094016302,fairly_common,24.51029094016302,,peak_abundance_with_occupancy_days_modifiers,0.7407
comyel,US-SD,0.5875088485369483,0.37333333333333335,0.7995,breeding,0.976,0.0244,0.0286,84.0,97.6,0.2450102200882689,fairly_common,24.50102200882689,,peak_abundance_with_occupancy_days_modifiers,0.976
graspa,US-SD,0.5739694227306149,0.34833333333333333,0.7753,breeding,0.9279,0.0736,0.1446,91.0,92.78999999999999,0.2393638409657425,fairly_common,23.93638409657425,,peak_abundance_with_occupancy_days_modifiers,0.9279
houwre,US-SD,0.5299809828057319,0.34979999999999994,0.6989,breeding,0.9943,0.0098,0.0156,70.0,99.42999999999999,0.22101923666884676,fairly_common,22.101923666884677,,peak_abundance_with_occupancy_days_modifiers,0.9943
orcori,US-SD,0.5088637004524501,0.3184,0.6634,breeding,0.9648,0.0479,0.0997,77.0,96.48,0.21221264590867656,fairly_common,21.221264590867655,,peak_abundance_with_occupancy_days_modifiers,0.9648
treswa,US-SD,0.4974363866469746,0.5127666666666667,0.6445,postbreeding_migration,0.9948,0.0228,0.0196,112.0,99.48,0.2074470859048238,fairly_common,20.74470859048238,,peak_abundance_with_occupancy_days_modifiers,0.9948
amwpel,US-SD,0.4896224161148877,0.27285000000000004,0.6317,breeding,0.2028,0.0462,0.0664,112.0,20.28,0.204188407087309,fairly_common,20.4188407087309,,peak_abundance_with_occupancy_days_modifiers,0.2028
amewig,US-SD,0.4797064047071208,0.2403,0.6156,prebreeding_migration,0.7853,0.0357,0.0278,126.0,78.53,0.20005310913653793,fairly_common,20.005310913653794,,peak_abundance_with_occupancy_days_modifiers,0.7853
boboli,US-SD,0.46543068927559844,0.30350000000000005,0.5927,breeding,0.9242,0.0932,0.1293,84.0,92.42,0.19409967339083814,fairly_common,19.409967339083813,,peak_abundance_with_occupancy_days_modifiers,0.9242
pecsan,US-SD,0.46020578676562457,0.25406666666666666,0.5844,postbreeding_migration,0.5169,0.0307,0.0414,133.0,51.690000000000005,0.19192071980214517,fairly_common,19.192071980214518,,peak_abundance_with_occupancy_days_modifiers,0.5169
blujay,US-SD,0.45120299978201817,0.33159999999999995,0.5702,nonbreeding,0.646,0.0242,0.0129,112.0,64.60000000000001,0.1881662660168887,fairly_common,18.81662660168887,,peak_abundance_with_occupancy_days_modifiers,0.646
whrsan,US-SD,0.44243971089952583,0.27835,0.5565,prebreeding_migration,0.3942,0.0481,0.0914,63.0,39.42,0.1845116906974814,fairly_common,18.45116906974814,,peak_abundance_with_occupancy_days_modifiers,0.3942
sonspa,US-SD,0.41706424395151626,0.33914999999999995,0.5175,breeding,0.6228,0.0194,0.0206,119.0,62.28,0.1739292990326461,fairly_common,17.39292990326461,,peak_abundance_with_occupancy_days_modifiers,0.6228
lobdow,US-SD,0.4127054997636582,0.2524,0.5109,postbreeding_migration,0.5494,0.0536,0.0394,133.0,54.94,0.17211156152037707,fairly_common,17.211156152037706,,peak_abundance_with_occupancy_days_modifiers,0.5494
cedwax,US-SD,0.40092146805829176,0.28137500000000004,0.4932,postbreeding_migration,0.8864,0.0198,0.0168,126.0,88.64,0.167197238597669,fairly_common,16.7197238597669,,peak_abundance_with_occupancy_days_modifiers,0.8864
wilpha,US-SD,0.39716408306877793,0.45803333333333335,0.4876,prebreeding_migration,0.5627,0.0741,0.0218,84.0,56.269999999999996,0.1656302873499905,fairly_common,16.56302873499905,,peak_abundance_with_occupancy_days_modifiers,0.5627
canvas,US-SD,0.3954821100547624,0.152725,0.4851,prebreeding_migration,0.6367,0.073,0.0909,105.0,63.67,0.16492885012164457,fairly_common,16.492885012164457,,peak_abundance_with_occupancy_days_modifiers,0.6367
norfli,US-SD,0.3903514702981162,0.252625,0.4775,postbreeding_migration,1.0,0.0219,0.0191,112.0,100.0,0.16278920715439407,fairly_common,16.27892071543941,,peak_abundance_with_occupancy_days_modifiers,1.0
comnig,US-SD,0.38757265526657614,0.30973333333333336,0.4734,breeding,0.7581,0.0212,0.0284,84.0,75.81,0.1616303512764653,fairly_common,16.16303512764653,,peak_abundance_with_occupancy_days_modifiers,0.7581
banswa,US-SD,0.3773399443823162,0.33463333333333334,0.4584,postbreeding_migration,0.7153,,,,71.53,0.15736297938564942,fairly_common,15.736297938564942,,peak_abundance_with_occupancy_days_modifiers,0.7153
lesyel,US-SD,0.36928510065340747,0.21546666666666667,0.4467,postbreeding_migration,0.4962,0.0159,0.027,140.0,49.62,0.15400384864283398,fairly_common,15.400384864283398,,peak_abundance_with_occupancy_days_modifiers,0.4962
blkter,US-SD,0.36533731701738503,0.27776666666666666,0.441,breeding,0.4274,0.02,0.0405,91.0,42.74,0.1523574949922781,fairly_common,15.23574949922781,,peak_abundance_with_occupancy_days_modifiers,0.4274
doccor,US-SD,0.364156884286488,0.281175,0.4393,postbreeding_migration,0.295,0.0627,0.0256,147.0,29.5,0.15186521630759664,fairly_common,15.186521630759664,,peak_abundance_with_occupancy_days_modifiers,0.295
rudduc,US-SD,0.35361025256588735,0.26727500000000004,0.4242,postbreeding_migration,0.1885,0.0768,0.0683,105.0,18.85,0.1474669292596837,fairly_common,14.746692925968368,,peak_abundance_with_occupancy_days_modifiers,0.1885
uplsan,US-SD,0.35304837588303367,0.20983333333333332,0.4234,breeding,0.8786,0.1135,0.2407,70.0,87.86,0.14723260848294775,fairly_common,14.723260848294775,,peak_abundance_with_occupancy_days_modifiers,0.8786
larbun,US-SD,0.3428802329165431,0.2606,0.409,breeding,0.4647,0.1245,0.0999,91.0,46.47,0.14299216350528857,fairly_common,14.299216350528857,,peak_abundance_with_occupancy_days_modifiers,0.4647
stisan,US-SD,0.32302508472377706,0.16366666666666665,0.3813,postbreeding_migration,0.4789,0.0433,0.0743,119.0,47.89,0.13471192357237652,fairly_common,13.471192357237651,,peak_abundance_with_occupancy_days_modifiers,0.4789
shtgro,US-SD,0.3207057388989621,0.3781,0.3781,resident,0.5948,0.0849,0.1322,365.0,59.48,0.13374468123651406,common,13.374468123651406,,peak_abundance_with_occupancy_days_modifiers,0.5948
rosgoo,US-SD,0.31896269248481285,0.15836666666666666,0.3757,prebreeding_migration,0.3879,0.0466,0.051,84.0,38.79,0.13301777442205795,fairly_common,13.301777442205795,,peak_abundance_with_occupancy_days_modifiers,0.3879
savspa,US-SD,0.3114474260020429,0.21703333333333333,0.3654,postbreeding_migration,0.9389,0.02,0.0142,98.0,93.89,0.1298836648685579,fairly_common,12.98836648685579,,peak_abundance_with_occupancy_days_modifiers,0.9389
wooduc,US-SD,0.3003267899848596,0.189075,0.3503,postbreeding_migration,0.7283,0.0374,0.0526,119.0,72.83,0.12524599943615342,fairly_common,12.52459994361534,,peak_abundance_with_occupancy_days_modifiers,0.7283
larspa,US-SD,0.2949059175411005,0.1842,0.343,breeding,0.7137,0.0363,0.0381,77.0,71.37,0.12298532003732672,fairly_common,12.298532003732673,,peak_abundance_with_occupancy_days_modifiers,0.7137
yerwar,US-SD,0.2922964100025264,0.17170000000000002,0.3395,prebreeding_migration,0.9999,0.0119,0.0063,133.0,99.99,0.1218970708680756,fairly_common,12.189707086807559,,peak_abundance_with_occupancy_days_modifiers,0.9999
chclon,US-SD,0.2903535010069398,0.15926666666666667,0.3369,breeding,0.4859,0.1724,0.1473,98.0,48.59,0.1210868148833264,fairly_common,12.108681488332639,,peak_abundance_with_occupancy_days_modifiers,0.4859
chispa,US-SD,0.28728199243044117,0.2511,0.3328,postbreeding_migration,0.9989,0.0151,0.0123,126.0,99.89,0.11980589631638912,fairly_common,11.980589631638912,,peak_abundance_with_occupancy_days_modifiers,0.9989
marwre,US-SD,0.2693398782039163,0.16253333333333334,0.3091,breeding,0.404,0.0737,0.1112,112.0,40.400000000000006,0.11232345351329442,fairly_common,11.232345351329442,,peak_abundance_with_occupancy_days_modifiers,0.404
semsan,US-SD,0.2636711024902777,0.21286666666666668,0.3017,postbreeding_migration,0.435,0.0323,0.0184,112.0,43.5,0.10995939042098805,fairly_common,10.995939042098806,,peak_abundance_with_occupancy_days_modifiers,0.435
leasan,US-SD,0.26136376413390755,0.16713333333333336,0.2987,postbreeding_migration,0.4853,0.0205,0.0182,126.0,48.53,0.1089971555884061,fairly_common,10.89971555884061,,peak_abundance_with_occupancy_days_modifiers,0.4853
clcspa,US-SD,0.25541711186450544,0.2761666666666666,0.291,postbreeding_migration,0.9961,0.0678,0.0571,105.0,99.61,0.10651720897152891,fairly_common,10.651720897152892,,peak_abundance_with_occupancy_days_modifiers,0.9961
amgplo,US-SD,0.25262468063637844,0.10426666666666666,0.2874,prebreeding_migration,0.2452,0.0164,0.0312,105.0,24.52,0.10535267469857534,fairly_common,10.535267469857533,,peak_abundance_with_occupancy_days_modifiers,0.2452
weskin,US-SD,0.24693819987992693,0.15463333333333334,0.2801,breeding,0.8926,0.0507,0.0283,70.0,89.25999999999999,0.10298122802992446,fairly_common,10.298122802992445,,peak_abundance_with_occupancy_days_modifiers,0.8926
eargre,US-SD,0.24412195769940148,0.17136666666666667,0.2765,breeding,0.3476,0.0142,0.0137,112.0,34.760000000000005,0.10180676381855007,fairly_common,10.180676381855006,,peak_abundance_with_occupancy_days_modifiers,0.3476
whcspa,US-SD,0.2434166561537655,0.1259,0.2756,postbreeding_migration,0.9945,0.0157,0.0069,105.0,99.45,0.10151263022829833,fairly_common,10.151263022829832,,peak_abundance_with_occupancy_days_modifiers,0.9945
rocpig,US-SD,0.23617822958466536,0.2664,0.2664,resident,0.59,0.0068,0.0011,365.0,59.0,0.09849397188603765,common,9.849397188603765,,peak_abundance_with_occupancy_days_modifiers,0.59
grpchi,US-SD,0.2315877980968727,0.2606,0.2606,resident,0.2193,0.1541,0.1142,365.0,21.93,0.09657961326501431,fairly_common,9.65796132650143,,peak_abundance_with_occupancy_days_modifiers,0.2193
brnthr,US-SD,0.22729492243668578,0.11752499999999999,0.2552,breeding,0.9747,0.0462,0.0678,98.0,97.47,0.0947893450623596,fairly_common,9.47893450623596,,peak_abundance_with_occupancy_days_modifiers,0.9747
whfibi,US-SD,0.2179299842613223,0.17143333333333333,0.2435,postbreeding_migration,0.3713,0.0246,0.004,98.0,37.13,0.09088386249954761,fairly_common,9.08838624995476,,peak_abundance_with_occupancy_days_modifiers,0.3713
turvul,US-SD,0.20847651427080585,0.14393333333333333,0.2318,breeding,0.861,0.0072,0.0033,126.0,86.1,0.08694145930214517,fairly_common,8.694145930214518,,peak_abundance_with_occupancy_days_modifiers,0.861
rethaw,US-SD,0.1995063815480555,0.152875,0.2208,postbreeding_migration,0.9987,0.0221,0.0229,112.0,99.87,0.08320062340138375,fairly_common,8.320062340138374,,peak_abundance_with_occupancy_days_modifiers,0.9987
margod,US-SD,0.1988508587451652,0.12753333333333333,0.22,breeding,0.525,0.1118,0.0907,77.0,52.5,0.08292724915926122,fairly_common,8.292724915926122,,peak_abundance_with_occupancy_days_modifiers,0.525
baisan,US-SD,0.19597788324144025,0.14006666666666667,0.2165,prebreeding_migration,0.3928,0.0331,0.0282,112.0,39.28,0.08172912531443952,fairly_common,8.172912531443952,,peak_abundance_with_occupancy_days_modifiers,0.3928
wiltur,US-SD,0.18672849861216084,0.2053,0.2053,resident,0.4144,0.0236,0.0324,365.0,41.44,0.07787183232328851,fairly_common,7.787183232328851,,peak_abundance_with_occupancy_days_modifiers,0.4144
harspa,US-SD,0.1858154460482104,0.12113333333333333,0.2042,postbreeding_migration,0.9176,0.0874,0.0773,119.0,91.75999999999999,0.07749105982904818,fairly_common,7.749105982904818,,peak_abundance_with_occupancy_days_modifiers,0.9176
ameavo,US-SD,0.18481843699254183,0.15930000000000002,0.203,breeding,0.3863,0.0738,0.0249,140.0,38.629999999999995,0.07707527475829112,fairly_common,7.707527475829112,,peak_abundance_with_occupancy_days_modifiers,0.3863
nrwswa,US-SD,0.18357077619438655,0.10579999999999999,0.2015,breeding,0.8083,0.0338,0.0244,70.0,80.83,0.07655495979195014,fairly_common,7.655495979195013,,peak_abundance_with_occupancy_days_modifiers,0.8083
sedwre,US-SD,0.18273813667917088,0.13266666666666665,0.2005,breeding,0.5012,0.0795,0.0973,112.0,50.12,0.07620772214372537,fairly_common,7.620772214372537,,peak_abundance_with_occupancy_days_modifiers,0.5012
sedwre1,US-SD,0.18273813667917088,0.13266666666666665,0.2005,breeding,0.5012,0.0795,0.0973,112.0,50.12,0.07620772214372537,fairly_common,7.620772214372537,,peak_abundance_with_occupancy_days_modifiers,0.5012
grycat,US-SD,0.18257152554916198,0.13713333333333333,0.2003,breeding,0.8095,0.0353,0.02,84.0,80.95,0.07613823990573988,fairly_common,7.613823990573988,,peak_abundance_with_occupancy_days_modifiers,0.8095
vesspa,US-SD,0.17680637610584446,0.14356666666666668,0.1934,postbreeding_migration,0.9581,0.0596,0.0314,91.0,95.81,0.07373398584647503,uncommon,7.373398584647503,,peak_abundance_with_occupancy_days_modifiers,0.9581
pibgre,US-SD,0.16889853646181394,0.09445,0.184,postbreeding_migration,0.6377,0.0364,0.0724,147.0,63.77,0.0704361605687255,uncommon,7.043616056872549,,peak_abundance_with_occupancy_days_modifiers,0.6377
spotow,US-SD,0.16576864345288628,0.11933333333333333,0.1803,breeding,0.2634,0.0382,0.0294,84.0,26.340000000000003,0.06913089380231037,uncommon,6.913089380231037,,peak_abundance_with_occupancy_days_modifiers,0.2634
hudgod,US-SD,0.16559918064956597,0.060033333333333334,0.1801,prebreeding_migration,0.2689,0.0835,0.209,70.0,26.889999999999997,0.06906022232418424,uncommon,6.906022232418424,,peak_abundance_with_occupancy_days_modifiers,0.2689
purfin,US-SD,0.15837033597144137,0.09953333333333332,0.1716,nonbreeding,0.3798,0.0323,0.0439,112.0,37.980000000000004,0.06604555994083151,uncommon,6.604555994083151,,peak_abundance_with_occupancy_days_modifiers,0.3798
baleag,US-SD,0.1522059328893311,0.08825,0.1644,prebreeding_migration,0.9677,0.0386,0.0234,154.0,96.77,0.06347480418179613,uncommon,6.347480418179613,,peak_abundance_with_occupancy_days_modifiers,0.9677
fiespa,US-SD,0.15194825627205824,0.09626666666666667,0.1641,breeding,0.6836,0.0446,0.031,119.0,68.36,0.06336734468588065,uncommon,6.336734468588065,,peak_abundance_with_occupancy_days_modifiers,0.6836
rehwoo,US-SD,0.15151864763890951,0.072275,0.1636,breeding,0.8316,0.0579,0.0522,84.0,83.16,0.06318818397022216,uncommon,6.318818397022216,,peak_abundance_with_occupancy_days_modifiers,0.8316
linspa,US-SD,0.14816135098052052,0.1009,0.1597,postbreeding_migration,0.9809,0.0148,0.014,84.0,98.09,0.06178808251605355,uncommon,6.178808251605354,,peak_abundance_with_occupancy_days_modifiers,0.9809
whtspa,US-SD,0.14652165266276718,0.08633333333333333,0.1578,postbreeding_migration,0.8905,0.0221,0.0065,91.0,89.05,0.06110427520538656,uncommon,6.110427520538656,,peak_abundance_with_occupancy_days_modifiers,0.8905
houspa,US-SD,0.14262739824975598,0.1533,0.1533,resident,0.1794,0.0018,0.0005,365.0,17.94,0.059480244974714096,uncommon,5.948024497471409,,peak_abundance_with_occupancy_days_modifiers,0.1794
buffle,US-SD,0.13863086816922146,0.06615,0.1487,prebreeding_migration,0.6006,0.0312,0.0173,98.0,60.06,0.05781356247782987,uncommon,5.781356247782988,,peak_abundance_with_occupancy_days_modifiers,0.6006
bkcchi,US-SD,0.1384567431470159,0.1485,0.1485,resident,0.177,0.0066,0.0047,365.0,17.7,0.05774094670341269,uncommon,5.774094670341269,,peak_abundance_with_occupancy_days_modifiers,0.177
grhowl,US-SD,0.13802129789737466,0.148,0.148,resident,0.9599,0.0223,0.0391,365.0,95.99,0.057559351929620424,fairly_common,5.755935192962043,,peak_abundance_with_occupancy_days_modifiers,0.9599
leafly,US-SD,0.1354919694371567,0.10463333333333334,0.1451,prebreeding_migration,0.9841,0.0306,0.0332,77.0,98.41,0.05650454003315834,uncommon,5.650454003315835,,peak_abundance_with_occupancy_days_modifiers,0.9841
tunswa,US-SD,0.1329562272486255,0.09359999999999999,0.1422,postbreeding_migration,0.2913,,,,29.13,0.055447053404239784,uncommon,5.544705340423978,,peak_abundance_with_occupancy_days_modifiers,0.2913
grbher3,US-SD,0.13278111123381847,0.0795,0.142,breeding,0.9366,0.0334,0.0255,154.0,93.66,0.055374024353808136,uncommon,5.537402435380813,,peak_abundance_with_occupancy_days_modifiers,0.9366
commer,US-SD,0.13172977067789446,0.082375,0.1408,postbreeding_migration,0.0258,0.0009,0.0016,49.0,2.58,0.05493558128756989,rare,5.493558128756989,rare,peak_abundance_with_occupancy_days_modifiers,0.0258
redpol1,US-SD,0.1305752023759024,0.1062483950580917,0.1394836285476937,postbreeding_migration,0.8830127820429855,0.0124768054126832,0.001539600008203,70.0,88.30127820429855,0.054454088907527495,uncommon,5.445408890752749,,peak_abundance_with_occupancy_days_modifiers,0.8830127820429855
pinsis,US-SD,0.12716114561667907,0.0691,0.1356,nonbreeding,0.2167,0.0086,0.0038,119.0,21.67,0.05303031665277047,uncommon,5.303031665277047,,peak_abundance_with_occupancy_days_modifiers,0.2167
wilfly,US-SD,0.1265445413249562,0.07966666666666666,0.1349,breeding,0.7948,0.0547,0.0608,70.0,79.47999999999999,0.05277317269043085,uncommon,5.277317269043085,,peak_abundance_with_occupancy_days_modifiers,0.7948
dunlin,US-SD,0.12486898204586927,0.050800000000000005,0.133,prebreeding_migration,0.2214,0.0152,0.003,14.0,22.14,0.052074410197300136,rare,5.207441019730013,rare,peak_abundance_with_occupancy_days_modifiers,0.2214
rusbla,US-SD,0.12486898204586927,0.07413333333333333,0.133,postbreeding_migration,0.6142,0.0694,0.0187,91.0,61.419999999999995,0.052074410197300136,uncommon,5.207441019730013,,peak_abundance_with_occupancy_days_modifiers,0.6142
balori,US-SD,0.12301377589514423,0.07693333333333334,0.1309,breeding,0.5641,0.0367,0.0255,63.0,56.410000000000004,0.051300729139678314,uncommon,5.130072913967831,,peak_abundance_with_occupancy_days_modifiers,0.5641
rolhaw,US-SD,0.11529104433473457,0.061200000000000004,0.1222,nonbreeding,0.9575,,,,95.75,0.04808009992871319,uncommon,4.808009992871319,,peak_abundance_with_occupancy_days_modifiers,0.9575
wesgre,US-SD,0.11431034617741084,0.07809999999999999,0.1211,breeding,0.0679,0.1046,0.1199,119.0,6.79,0.047671117030899095,uncommon,4.76711170308991,,peak_abundance_with_occupancy_days_modifiers,0.0679
comgol,US-SD,0.10939237677119683,0.06403333333333333,0.1156,prebreeding_migration,0.3373,,,,33.73,0.045620164488474356,uncommon,4.5620164488474355,,peak_abundance_with_occupancy_days_modifiers,0.3373
greyel,US-SD,0.10678949418151776,0.06116666666666667,0.1127,postbreeding_migration,0.4684,0.0143,0.0129,147.0,46.839999999999996,0.044534678137503995,uncommon,4.453467813750399,,peak_abundance_with_occupancy_days_modifiers,0.4684
orcwar,US-SD,0.10273707745111223,0.08165,0.1082,postbreeding_migration,0.9916,0.0156,0.0124,63.0,99.16,0.04284468909737537,uncommon,4.284468909737537,,peak_abundance_with_occupancy_days_modifiers,0.9916
amepip,US-SD,0.09667288726026077,0.05525,0.1015,postbreeding_migration,0.7676,,,,76.75999999999999,0.04031572536003307,uncommon,4.031572536003307,,peak_abundance_with_occupancy_days_modifiers,0.7676
redcro,US-SD,0.09139342842921055,0.068125,0.0957,nonbreeding,0.3486,,,,34.86,0.03811402001829434,uncommon,3.8114020018294337,,peak_abundance_with_occupancy_days_modifiers,0.3486
norhar2,US-SD,0.08828556486736039,0.06799999999999999,0.0923,postbreeding_migration,0.9349,0.0414,0.0293,161.0,93.49,0.036817940244875745,uncommon,3.6817940244875746,,peak_abundance_with_occupancy_days_modifiers,0.9349
wilsni1,US-SD,0.08305355513528564,0.07446666666666667,0.0866,breeding,0.6985,0.0172,0.0141,133.0,69.85,0.03463602271435367,uncommon,3.463602271435367,,peak_abundance_with_occupancy_days_modifiers,0.6985
blugrb1,US-SD,0.08277742645756815,0.037399999999999996,0.0863,breeding,0.7064,0.0277,0.0088,70.0,70.64,0.03452086811154434,uncommon,3.452086811154434,,peak_abundance_with_occupancy_days_modifiers,0.7064
greegr,US-SD,0.07853387765410683,0.05353333333333333,0.0817,breeding,0.27,0.0019,0.0011,133.0,27.0,0.03275117080591139,uncommon,3.275117080591139,,peak_abundance_with_occupancy_days_modifiers,0.27
ruckin,US-SD,0.07714620917665369,0.041800000000000004,0.0802,postbreeding_migration,0.9835,0.0128,0.0037,91.0,98.35000000000001,0.03217246810225505,uncommon,3.2172468102255047,,peak_abundance_with_occupancy_days_modifiers,0.9835
gcrfin,US-SD,0.07659060216171254,0.036533333333333334,0.0796,nonbreeding,0.0415,0.0116,0.0087,70.0,4.15,0.03194076198012207,rare,3.194076198012207,rare,peak_abundance_with_occupancy_days_modifiers,0.0415
towsol,US-SD,0.07408654335269818,0.038,0.0769,nonbreeding,0.604,0.0505,0.0233,105.0,60.4,0.030896488346731813,uncommon,3.089648834673181,,peak_abundance_with_occupancy_days_modifiers,0.604
sheowl,US-SD,0.07371503782228067,0.028075,0.0765,nonbreeding,0.7031,,,,70.30999999999999,0.030741558506954477,uncommon,3.0741558506954476,,peak_abundance_with_occupancy_days_modifiers,0.7031
amekes,US-SD,0.07185543710042809,0.055650000000000005,0.0745,prebreeding_migration,0.9778,0.01,0.0069,105.0,97.78,0.029966044770826046,uncommon,2.9966044770826046,,peak_abundance_with_occupancy_days_modifiers,0.9778
swathr,US-SD,0.07111062745795275,0.027866666666666668,0.0737,prebreeding_migration,0.9464,0.0156,0.0069,63.0,94.64,0.02965543502446875,uncommon,2.965543502446875,,peak_abundance_with_occupancy_days_modifiers,0.9464
belvir,US-SD,0.07027205298533172,0.03146666666666667,0.0728,breeding,0.4604,0.0452,0.0204,70.0,46.04,0.029305722306764224,uncommon,2.9305722306764226,,peak_abundance_with_occupancy_days_modifiers,0.4604
burowl,US-SD,0.06803241039182696,0.035866666666666665,0.0704,breeding,0.4844,0.0118,0.0102,84.0,48.44,0.028371718800059346,uncommon,2.8371718800059345,,peak_abundance_with_occupancy_days_modifiers,0.4844
dowwoo,US-SD,0.06719124954032327,0.0695,0.0695,resident,0.3968,0.0151,0.0079,365.0,39.68,0.028020927478584347,uncommon,2.8020927478584348,,peak_abundance_with_occupancy_days_modifiers,0.3968
reevir1,US-SD,0.06719124954032327,0.040600000000000004,0.0695,breeding,0.3718,0.0133,0.0042,56.0,37.18,0.028020927478584347,uncommon,2.8020927478584348,,peak_abundance_with_occupancy_days_modifiers,0.3718
sora,US-SD,0.06344417255653478,0.0441,0.0655,breeding,0.5543,0.0503,0.0477,98.0,55.43,0.02645827500318428,uncommon,2.6458275003184277,,peak_abundance_with_occupancy_days_modifiers,0.5543
amered,US-SD,0.06335031550076171,0.042166666666666665,0.0654,prebreeding_migration,0.716,0.0178,0.0084,70.0,71.6,0.026419133570763118,uncommon,2.641913357076312,,peak_abundance_with_occupancy_days_modifiers,0.716
rebnut,US-SD,0.06288089803920102,0.049275,0.0649,postbreeding_migration,0.2546,0.0074,0.0047,119.0,25.46,0.02622337128419219,uncommon,2.6223371284192187,,peak_abundance_with_occupancy_days_modifiers,0.2546
wewpew,US-SD,0.06222334318013186,0.034166666666666665,0.0642,breeding,0.1126,0.0072,0.0101,56.0,11.26,0.025949149608821977,uncommon,2.5949149608821975,,peak_abundance_with_occupancy_days_modifiers,0.1126
swahaw,US-SD,0.061095099359810875,0.0389,0.063,postbreeding_migration,0.9358,0.0551,0.0215,91.0,93.58,0.025478635390323846,uncommon,2.5478635390323845,,peak_abundance_with_occupancy_days_modifiers,0.9358
whwcro,US-SD,0.06081283939651242,0.020775000000000002,0.0627,postbreeding_migration,0.4442,,,,44.42,0.025360923842826184,uncommon,2.5360923842826186,,peak_abundance_with_occupancy_days_modifiers,0.4442
sposan,US-SD,0.060248080345356884,0.0502,0.0621,breeding,0.4001,0.0111,0.0104,91.0,40.01,0.02512540102514433,uncommon,2.512540102514433,,peak_abundance_with_occupancy_days_modifiers,0.4001
swaspa,US-SD,0.06015392281974709,0.04666666666666666,0.062,postbreeding_migration,0.7313,0.0224,0.0083,91.0,73.13,0.02508613428706869,uncommon,2.508613428706869,,peak_abundance_with_occupancy_days_modifiers,0.7313
bcnher,US-SD,0.057608312620313365,0.025933333333333333,0.0593,breeding,0.2958,0.0056,0.0024,84.0,29.580000000000002,0.024024532377964834,uncommon,2.4024532377964833,,peak_abundance_with_occupancy_days_modifiers,0.2958
hoomer,US-SD,0.0550562057480784,0.029124999999999998,0.0566,prebreeding_migration,0.6756,0.0449,0.0375,105.0,67.56,0.022960221145866468,uncommon,2.2960221145866466,,peak_abundance_with_occupancy_days_modifiers,0.6756
wlswar,US-SD,0.05410932564703195,0.0283,0.0556,postbreeding_migration,0.9619,0.0161,0.0059,56.0,96.19,0.022565341472935072,uncommon,2.2565341472935074,,peak_abundance_with_occupancy_days_modifiers,0.9619
saypho,US-SD,0.053161548114232356,0.027499999999999997,0.0546,breeding,0.6008,0.0311,0.022,98.0,60.08,0.02217008754189344,uncommon,2.217008754189344,,peak_abundance_with_occupancy_days_modifiers,0.6008
yebcha,US-SD,0.05050298217310676,0.02153333333333333,0.0518,breeding,0.1623,0.0194,0.0079,63.0,16.23,0.02106137942970682,uncommon,2.106137942970682,,peak_abundance_with_occupancy_days_modifiers,0.1623
easblu,US-SD,0.04993236874820901,0.025299999999999996,0.0512,postbreeding_migration,0.4064,0.0184,0.004,105.0,40.64,0.02082341514854287,uncommon,2.082341514854287,,peak_abundance_with_occupancy_days_modifiers,0.4064
grcfly,US-SD,0.048409139207687545,0.024333333333333332,0.0496,breeding,0.3585,0.0171,0.0088,70.0,35.85,0.020188179090571214,rare,2.0188179090571214,,peak_abundance_with_occupancy_days_modifiers,0.3585
goleag,US-SD,0.04802796901058155,0.028075000000000003,0.0492,nonbreeding,0.6765,0.0111,0.0117,119.0,67.65,0.02002921877173238,rare,2.002921877173238,,peak_abundance_with_occupancy_days_modifiers,0.6765
willet1,US-SD,0.046501833651419786,0.029666666666666664,0.0476,breeding,0.3306,0.0694,0.017,70.0,33.06,0.019392770893264116,rare,1.9392770893264115,,peak_abundance_with_occupancy_days_modifiers,0.3306
bkbmag1,US-SD,0.04554681495597039,0.0466,0.0466,resident,0.1909,0.0139,0.0057,365.0,19.09,0.018994497162845948,rare,1.8994497162845947,,peak_abundance_with_occupancy_days_modifiers,0.1909
tenwar,US-SD,0.04449523988655121,0.0252,0.0455,prebreeding_migration,0.9142,0.0242,0.0098,56.0,91.42,0.018555956296884,rare,1.8555956296883998,,peak_abundance_with_occupancy_days_modifiers,0.9142
renpha,US-SD,0.04382547954002956,0.0248,0.0448,prebreeding_migration,0.4136,0.0017,0.0001,14.0,41.36,0.018276644537892888,rare,1.8276644537892888,rare,peak_abundance_with_occupancy_days_modifiers,0.4136
indbun,US-SD,0.04210117601863539,0.016833333333333332,0.043,breeding,0.3917,0.019,0.0023,63.0,39.17,0.017557554116824615,rare,1.7557554116824616,,peak_abundance_with_occupancy_days_modifiers,0.3917
semplo,US-SD,0.0417175933518685,0.021400000000000002,0.0426,prebreeding_migration,0.3748,0.0213,0.0097,119.0,37.480000000000004,0.017397587719993945,rare,1.7397587719993945,,peak_abundance_with_occupancy_days_modifiers,0.3748
whbnut,US-SD,0.04104596943600097,0.0419,0.0419,resident,0.174,0.0108,0.0062,365.0,17.4,0.017117498792222026,rare,1.7117498792222026,,peak_abundance_with_occupancy_days_modifiers,0.174
eucdov,US-SD,0.039797469874066085,0.0406,0.0406,resident,0.0745,0.0009,0.0003,365.0,7.449999999999999,0.016596834034216166,rare,1.6596834034216166,,peak_abundance_with_occupancy_days_modifiers,0.0745
norcar,US-SD,0.03970136685155207,0.0405,0.0405,resident,0.1875,0.0088,0.001,365.0,18.75,0.01655675596091405,rare,1.655675596091405,,peak_abundance_with_occupancy_days_modifiers,0.1875
norshr4,US-SD,0.03816246109434891,0.021066666666666664,0.0389,nonbreeding,0.9606,,,,96.06,0.015914982412811064,rare,1.5914982412811065,,peak_abundance_with_occupancy_days_modifiers,0.9606
logshr,US-SD,0.03787365242808152,0.022500000000000003,0.0386,breeding,0.5514,0.0284,0.0165,63.0,55.14,0.015794539844053535,rare,1.5794539844053535,,peak_abundance_with_occupancy_days_modifiers,0.5514
purmar,US-SD,0.03604259134692935,0.0189,0.0367,postbreeding_migration,0.3005,0.0104,0.0032,98.0,30.049999999999997,0.015030928062536775,rare,1.5030928062536775,,peak_abundance_with_occupancy_days_modifiers,0.3005
lecspa,US-SD,0.03604259134692935,0.014400000000000001,0.0367,postbreeding_migration,0.4308,0.0515,0.088,84.0,43.08,0.015030928062536775,rare,1.5030928062536775,,peak_abundance_with_occupancy_days_modifiers,0.4308
eawpew,US-SD,0.03459464476449907,0.019233333333333335,0.0352,breeding,0.1906,0.0097,0.0048,56.0,19.06,0.014427087436611287,rare,1.4427087436611288,,peak_abundance_with_occupancy_days_modifiers,0.1906
bkpwar,US-SD,0.03217673169522125,0.0164,0.0327,prebreeding_migration,0.6727,0.0152,0.0059,42.0,67.27,0.01341873936707444,rare,1.341873936707444,,peak_abundance_with_occupancy_days_modifiers,0.6727
baispa,US-SD,0.030335199796072947,0.01735,0.0308,breeding,0.184,0.0702,0.0612,70.0,18.4,0.012650760915288583,rare,1.2650760915288584,,peak_abundance_with_occupancy_days_modifiers,0.184
gockin,US-SD,0.029947076367952116,0.011025,0.0304,postbreeding_migration,0.4766,0.0119,0.0018,98.0,47.660000000000004,0.012488900873891595,rare,1.2488900873891595,,peak_abundance_with_occupancy_days_modifiers,0.4766
lobcur,US-SD,0.0295588022415444,0.014833333333333332,0.03,breeding,0.3399,0.0721,0.0308,56.0,33.989999999999995,0.012326977986427646,rare,1.2326977986427645,,peak_abundance_with_occupancy_days_modifiers,0.3399
virrai,US-SD,0.02742059557599217,0.0124,0.0278,breeding,0.5386,0.0824,0.0953,70.0,53.86,0.011435276547333144,rare,1.1435276547333144,,peak_abundance_with_occupancy_days_modifiers,0.5386
brespa,US-SD,0.02557027611153001,0.011966666666666667,0.0259,breeding,0.0945,0.0124,0.0067,70.0,9.45,0.010663633396169651,rare,1.0663633396169652,,peak_abundance_with_occupancy_days_modifiers,0.0945
robgro,US-SD,0.02557027611153001,0.017933333333333332,0.0259,prebreeding_migration,0.3666,0.0139,0.0106,56.0,36.66,0.010663633396169651,rare,1.0663633396169652,,peak_abundance_with_occupancy_days_modifiers,0.3666
bkhgro,US-SD,0.025082780367463153,0.015,0.0254,breeding,0.0987,0.009,0.0068,77.0,9.87,0.01046033188021233,rare,1.046033188021233,,peak_abundance_with_occupancy_days_modifiers,0.0987
forter,US-SD,0.0249852526939085,0.016999999999999998,0.0253,breeding,0.0703,0.0507,0.0268,98.0,7.03,0.010419659681279796,rare,1.0419659681279796,,peak_abundance_with_occupancy_days_modifiers,0.0703
solsan,US-SD,0.024497471600387438,0.0116,0.0248,postbreeding_migration,0.782,0.0119,0.0054,112.0,78.2,0.010216239165357105,rare,1.0216239165357104,,peak_abundance_with_occupancy_days_modifiers,0.782
belkin1,US-SD,0.024302292522964862,0.012925,0.0246,postbreeding_migration,0.5631,0.0138,0.0084,154.0,56.31,0.010134843167943598,rare,1.0134843167943597,,peak_abundance_with_occupancy_days_modifiers,0.5631
haiwoo,US-SD,0.024009452460351865,0.0243,0.0243,resident,0.1764,0.0055,0.005,365.0,17.64,0.010012719376327289,rare,1.0012719376327288,,peak_abundance_with_occupancy_days_modifiers,0.1764
yebcuc,US-SD,0.023618865598633996,0.0094,0.0239,breeding,0.354,0.0159,0.0038,63.0,35.4,0.00984983200332621,rare,0.984983200332621,,peak_abundance_with_occupancy_days_modifiers,0.354
moublu,US-SD,0.023228126119207167,0.020266666666666665,0.0235,prebreeding_migration,0.1249,0.0111,0.0069,133.0,12.49,0.009686880983796994,rare,0.9686880983796994,,peak_abundance_with_occupancy_days_modifiers,0.1249
categr1,US-SD,0.022746992388705322,0.013455979422941099,0.0230076780726714,postbreeding_migration,0.1449260874159495,0.0030920724244521,0.0001514046009852099,84.0,14.492608741594951,0.009486232633570886,rare,0.9486232633570886,,peak_abundance_with_occupancy_days_modifiers,0.1449260874159495
vigswa,US-SD,0.02273948696948943,0.0109,0.023,breeding,0.0391,0.003,0.0029,63.0,3.91,0.009483102630646627,rare,0.9483102630646627,rare,peak_abundance_with_occupancy_days_modifiers,0.0391
amebit,US-SD,0.022250608934819758,0.014233333333333334,0.0225,breeding,0.4189,0.0412,0.0442,91.0,41.89,0.00927922465473357,rare,0.927922465473357,,peak_abundance_with_occupancy_days_modifiers,0.4189
calgul,US-SD,0.022054990780831327,0.008675,0.0223,breeding,0.0814,0.0468,0.0029,161.0,8.14,0.009197645548169788,rare,0.9197645548169788,,peak_abundance_with_occupancy_days_modifiers,0.0814
prafal,US-SD,0.020880477579355235,0.01045,0.0211,nonbreeding,0.6854,0.047,0.0399,133.0,68.54,0.008707835498998829,rare,0.8707835498998829,,peak_abundance_with_occupancy_days_modifiers,0.6854
naswar,US-SD,0.02058663360838838,0.011899999999999999,0.0208,postbreeding_migration,0.462,0.0113,0.0061,63.0,46.2,0.008585293045080938,rare,0.8585293045080938,,peak_abundance_with_occupancy_days_modifiers,0.462
ferhaw,US-SD,0.02048866642731566,0.014450000000000001,0.0207,postbreeding_migration,0.562,0.0762,0.0602,133.0,56.2,0.008544437557277094,rare,0.8544437557277095,,peak_abundance_with_occupancy_days_modifiers,0.562
foxspa,US-SD,0.019802627296179712,0.008833333333333334,0.02,postbreeding_migration,0.3653,0.0093,0.0063,84.0,36.53,0.008258337017808889,rare,0.8258337017808889,,peak_abundance_with_occupancy_days_modifiers,0.3653
bulori,US-SD,0.019704583274335403,0.009633333333333334,0.0199,breeding,0.113,0.0101,0.0045,70.0,11.3,0.00821744948491431,rare,0.821744948491431,,peak_abundance_with_occupancy_days_modifiers,0.113
coohaw,US-SD,0.019312311032372815,0.00865,0.0195,postbreeding_migration,0.8585,0.0235,0.0134,112.0,85.85000000000001,0.00805385925375932,rare,0.8053859253759321,,peak_abundance_with_occupancy_days_modifiers,0.8585
bkbplo,US-SD,0.01862546412316489,0.01055,0.0188,prebreeding_migration,0.2596,0.028,0.0023,112.0,25.96,0.007767421844669928,rare,0.7767421844669928,,peak_abundance_with_occupancy_days_modifiers,0.2596
aldfly,US-SD,0.017446913603720648,0.009550000000000001,0.0176,prebreeding_migration,0.7643,0.0173,0.0019,42.0,76.42999999999999,0.007275928103131861,rare,0.7275928103131861,,peak_abundance_with_occupancy_days_modifiers,0.7643
palwar,US-SD,0.01666044089310724,0.0089,0.0168,prebreeding_migration,0.5252,0.0162,0.0039,35.0,52.52,0.006947943507834789,rare,0.6947943507834788,,peak_abundance_with_occupancy_days_modifiers,0.5252
shbdow,US-SD,0.01646372603066508,0.010466666666666666,0.0166,prebreeding_migration,0.3139,0.0639,0.0093,91.0,31.39,0.006865907038321851,rare,0.6865907038321851,,peak_abundance_with_occupancy_days_modifiers,0.3139
shshaw,US-SD,0.01567647938500758,0.004675,0.0158,postbreeding_migration,0.9053,0.0113,0.0063,112.0,90.53,0.006537599687042624,rare,0.6537599687042625,,peak_abundance_with_occupancy_days_modifiers,0.9053
ovenbi1,US-SD,0.015282623531156904,0.009966666666666667,0.0154,breeding,0.1019,0.0238,0.0043,56.0,10.190000000000001,0.0063733490384348555,rare,0.6373349038434856,,peak_abundance_with_occupancy_days_modifiers,0.1019
rocwre,US-SD,0.015184135325039965,0.0088,0.0153,breeding,0.0929,0.0098,0.0071,70.0,9.29,0.00633227626631083,rare,0.633227626631083,,peak_abundance_with_occupancy_days_modifiers,0.0929
bawwar,US-SD,0.015085637418040853,0.009899999999999999,0.0152,postbreeding_migration,0.7187,0.0182,0.0037,56.0,71.87,0.006291199448604711,rare,0.6291199448604711,,peak_abundance_with_occupancy_days_modifiers,0.7187
westan,US-SD,0.01479008547263543,0.007366666666666667,0.0149,breeding,0.0332,0.0024,0.0029,70.0,3.32,0.0061679447140221225,rare,0.6167944714022122,rare,peak_abundance_with_occupancy_days_modifiers,0.0332
wesfly,US-SD,0.014395880283732383,0.006633333333333334,0.0145,breeding,0.0289,0.003,0.0032,49.0,2.8899999999999997,0.006003548381382055,rare,0.6003548381382056,rare,peak_abundance_with_occupancy_days_modifiers,0.0289
truswa,US-SD,0.014297304700824425,0.005275,0.0144,prebreeding_migration,0.2471,0.037,0.004,119.0,24.709999999999997,0.005962439170305915,rare,0.5962439170305915,,peak_abundance_with_occupancy_days_modifiers,0.2471
lazbun,US-SD,0.014100124378781637,0.007633333333333333,0.0142,breeding,0.0828,0.0113,0.0048,63.0,8.28,0.005880208589062617,rare,0.5880208589062617,,peak_abundance_with_occupancy_days_modifiers,0.0828
easpho,US-SD,0.013409686909917675,0.010866666666666665,0.0135,prebreeding_migration,0.3656,0.0144,0.0028,84.0,36.559999999999995,0.005592273800293407,rare,0.5592273800293407,,peak_abundance_with_occupancy_days_modifiers,0.3656
snoowl1,US-SD,0.012323749688831936,0.0046,0.0124,nonbreeding,0.4582,,,,45.82,0.00513940280404738,rare,0.513940280404738,,peak_abundance_with_occupancy_days_modifiers,0.4582
bongul,US-SD,0.011730922875698666,0.004975,0.0118,prebreeding_migration,0.0724,0.0062,0.0014,140.0,7.24,0.004892174820466024,rare,0.4892174820466024,,peak_abundance_with_occupancy_days_modifiers,0.0724
norwat,US-SD,0.011632084229707653,0.00745,0.0117,prebreeding_migration,0.4431,0.0086,0.0012,56.0,44.31,0.004850955903563262,rare,0.4850955903563262,,peak_abundance_with_occupancy_days_modifiers,0.4431
smilon,US-SD,0.011632084229707653,0.0117,0.0117,postbreeding_migration,0.2319,0.0707,0.033,42.0,23.189999999999998,0.004850955903563262,rare,0.4850955903563262,,peak_abundance_with_occupancy_days_modifiers,0.2319
gresca,US-SD,0.011137744410455924,0.0044,0.0112,prebreeding_migration,0.1882,0.0042,0.0001,14.0,18.82,0.004644800186564507,rare,0.4644800186564507,rare,peak_abundance_with_occupancy_days_modifiers,0.1882
amhgul1,US-SD,0.010734068275263395,0.005421109370243813,0.010791885070764,prebreeding_migration,0.0386544926167334,0.0050008311467795,0.0002904252311948844,133.0,3.86544926167334,0.004476454162544231,rare,0.4476454162544231,rare,peak_abundance_with_occupancy_days_modifiers,0.0386544926167334
merlin,US-SD,0.01004933585300144,0.006024999999999999,0.0101,nonbreeding,0.8138,,,,81.38,0.004190898563002608,rare,0.41908985630026085,,peak_abundance_with_occupancy_days_modifiers,0.8138
houfin,US-SD,0.01004933585300144,0.0101,0.0101,resident,0.0163,0.0011,0.0005,365.0,1.63,0.004190898563002608,rare,0.41908985630026085,rare,peak_abundance_with_occupancy_days_modifiers,0.0163
grypar,US-SD,0.009356094924024954,0.0094,0.0094,resident,0.2017,0.0186,0.0039,365.0,20.169999999999998,0.00390179464055841,very_rare,0.390179464055841,,peak_abundance_with_occupancy_days_modifiers,0.2017
rensap,US-SD,0.008959741371471904,0.005366666666666666,0.009,breeding,0.0196,0.0047,0.0125,77.0,1.96,0.003736502370687642,very_rare,0.3736502370687642,rare,peak_abundance_with_occupancy_days_modifiers,0.0196
saggro,US-SD,0.008860628432196557,0.0089,0.0089,resident,0.039,0.0149,0.0063,365.0,3.9,0.003695169064600562,very_rare,0.3695169064600562,rare,peak_abundance_with_occupancy_days_modifiers,0.039
nstspa,US-SD,0.008464078412129412,0.004666666666666667,0.0085,breeding,0.0523,0.1177,0.044,42.0,5.2299999999999995,0.003529794861412646,very_rare,0.35297948614126456,,peak_abundance_with_occupancy_days_modifiers,0.0523
whtswi,US-SD,0.008265744417032617,0.0047,0.0083,breeding,0.0182,0.0029,0.0033,77.0,1.82,0.0034470831611367143,very_rare,0.3447083161136714,rare,peak_abundance_with_occupancy_days_modifiers,0.0182
bubsan,US-SD,0.00786895837869518,0.00395,0.0079,postbreeding_migration,0.2003,0.0531,0.014,70.0,20.03,0.0032816105306851177,very_rare,0.3281610530685118,,peak_abundance_with_occupancy_days_modifiers,0.2003
brwhaw,US-SD,0.007769737264360664,0.003533333333333333,0.0078,postbreeding_migration,0.7129,0.0231,0.0008,70.0,71.28999999999999,0.0032402321120944214,very_rare,0.32402321120944216,,peak_abundance_with_occupancy_days_modifiers,0.7129
snoegr,US-SD,0.007571265496318075,0.0033000000000000004,0.0076,postbreeding_migration,0.0866,0.0023,0.0004,70.0,8.66,0.0031574629560374313,very_rare,0.3157462956037431,,peak_abundance_with_occupancy_days_modifiers,0.0866
compoo,US-SD,0.00707491367196188,0.0027333333333333337,0.0071,breeding,0.1494,0.0146,0.0052,56.0,14.940000000000001,0.002950468167738402,very_rare,0.2950468167738402,,peak_abundance_with_occupancy_days_modifiers,0.1494
plsvir,US-SD,0.006975613736425242,0.0031,0.007,breeding,0.0295,0.0061,0.0078,63.0,2.9499999999999997,0.0029090568781531974,very_rare,0.2909056878153197,rare,peak_abundance_with_occupancy_days_modifiers,0.0295
sprpip,US-SD,0.006975613736425242,0.005866666666666666,0.007,breeding,0.1625,0.0827,0.0628,77.0,16.25,0.0029090568781531974,very_rare,0.2909056878153197,,peak_abundance_with_occupancy_days_modifiers,0.1625
gryjay,US-SD,0.006876303939432157,0.0069,0.0069,resident,0.0152,0.0005,0.0005,365.0,1.52,0.0028676414760213194,very_rare,0.2867641476021319,rare,peak_abundance_with_occupancy_days_modifiers,0.0152
chiswi,US-SD,0.006876303939432157,0.0054,0.0069,breeding,0.0187,0.0023,0.0018,70.0,1.87,0.0028676414760213194,very_rare,0.2867641476021319,rare,peak_abundance_with_occupancy_days_modifiers,0.0187
evegro,US-SD,0.006677654753240569,0.0024333333333333334,0.0067,nonbreeding,0.0076,0.0007,0.0005,63.0,0.76,0.00278479833084937,very_rare,0.27847983308493696,very_rare,peak_abundance_with_occupancy_days_modifiers,0.0076
dusfly,US-SD,0.00608147031586796,0.0032,0.0061,breeding,0.0232,0.0035,0.0034,42.0,2.32,0.002536170109201979,very_rare,0.2536170109201979,rare,peak_abundance_with_occupancy_days_modifiers,0.0232
bohwax,US-SD,0.00608147031586796,0.0023666666666666667,0.0061,postbreeding_migration,0.0812,0.001,0.0,21.0,8.12,0.002536170109201979,very_rare,0.2536170109201979,rare,peak_abundance_with_occupancy_days_modifiers,0.0812
buggna,US-SD,0.005982071677547464,0.0043,0.006,breeding,0.0933,0.0056,0.0007,56.0,9.33,0.002494717657358874,very_rare,0.2494717657358874,,peak_abundance_with_occupancy_days_modifiers,0.0933
brncre,US-SD,0.005683816468297671,0.004,0.0057,postbreeding_migration,0.0908,0.0036,0.0019,119.0,9.08,0.002370335574190707,very_rare,0.2370335574190707,,peak_abundance_with_occupancy_days_modifiers,0.0908
rebwoo,US-SD,0.005683816468297671,0.0057,0.0057,resident,0.0356,0.0022,0.0005,365.0,3.56,0.002370335574190707,very_rare,0.2370335574190707,rare,peak_abundance_with_occupancy_days_modifiers,0.0356
easowl1,US-SD,0.005584378293900615,0.0056,0.0056,resident,0.3905,0.032,0.0164,365.0,39.050000000000004,0.0023288666345230463,very_rare,0.23288666345230463,,peak_abundance_with_occupancy_days_modifiers,0.3905
gycthr,US-SD,0.005584378293900615,0.0056,0.0056,prebreeding_migration,0.4144,0.025,0.0027,35.0,41.44,0.0023288666345230463,very_rare,0.23288666345230463,,peak_abundance_with_occupancy_days_modifiers,0.4144
pygnut,US-SD,0.005484930230569685,0.0055,0.0055,resident,0.0153,0.011,0.0052,365.0,1.53,0.0022873935708496436,very_rare,0.22873935708496435,rare,peak_abundance_with_occupancy_days_modifiers,0.0153
magwar,US-SD,0.0045894523338072864,0.00345,0.0046,prebreeding_migration,0.2784,0.0095,0.0015,28.0,27.839999999999996,0.0019139502820952148,very_rare,0.19139502820952148,rare,peak_abundance_with_occupancy_days_modifiers,0.2784
horgre,US-SD,0.0045894523338072864,0.0024,0.0046,prebreeding_migration,0.064,,,,6.4,0.0019139502820952148,very_rare,0.19139502820952148,,peak_abundance_with_occupancy_days_modifiers,0.064
bkbcuc,US-SD,0.004489905272852052,0.0016333333333333332,0.0045,breeding,0.3238,0.0326,0.0069,63.0,32.379999999999995,0.0018724359332058032,very_rare,0.18724359332058033,,peak_abundance_with_occupancy_days_modifiers,0.3238
sander,US-SD,0.004290781417156275,0.0033499999999999997,0.0043,prebreeding_migration,0.086,,,,8.6,0.0017893948354753858,very_rare,0.17893948354753858,,peak_abundance_with_occupancy_days_modifiers,0.086
rengre,US-SD,0.003992021269537453,0.0019666666666666665,0.004,breeding,0.0531,,,,5.3100000000000005,0.0016648021766516613,very_rare,0.16648021766516613,,peak_abundance_with_occupancy_days_modifiers,0.0531
norbob,US-SD,0.0036931718376175702,0.0037,0.0037,resident,0.0847,0.0078,0.0011,365.0,8.469999999999999,0.0015401722833823486,very_rare,0.15401722833823486,,peak_abundance_with_occupancy_days_modifiers,0.0847
rthhum,US-SD,0.00349388925425578,0.0016,0.0035,postbreeding_migration,0.0928,0.0031,0.0007,70.0,9.28,0.0014570649910737887,very_rare,0.14570649910737887,,peak_abundance_with_occupancy_days_modifiers,0.0928
buhvir,US-SD,0.00349388925425578,0.0021,0.0035,postbreeding_migration,0.2813,0.0093,0.0019,56.0,28.13,0.0014570649910737887,very_rare,0.14570649910737887,,peak_abundance_with_occupancy_days_modifiers,0.2813
yebsap,US-SD,0.003294566949430031,0.0026666666666666666,0.0033,breeding,0.0389,0.0025,0.0012,91.0,3.8899999999999997,0.0013739411336281234,very_rare,0.13739411336281235,rare,peak_abundance_with_occupancy_days_modifiers,0.0389
norgos,US-SD,0.003194890896519197,0.0020666666666666667,0.0032,nonbreeding,0.2874,,,,28.74,0.0013323729909149931,very_rare,0.1332372990914993,,peak_abundance_with_occupancy_days_modifiers,0.2874
yetvir,US-SD,0.002796087302001274,0.0018000000000000002,0.0028,breeding,0.0495,0.0043,0.0018,91.0,4.95,0.001166058974184524,very_rare,0.1166058974184524,rare,peak_abundance_with_occupancy_days_modifiers,0.0495
perfal,US-SD,0.0026963615477426086,0.0015000000000000002,0.0027,prebreeding_migration,0.5033,,,,50.33,0.0011244701043994507,very_rare,0.11244701043994507,,peak_abundance_with_occupancy_days_modifiers,0.5033
easmea,US-SD,0.0023971245997214934,0.0009999999999999998,0.0024,breeding,0.0826,0.0041,0.0003,84.0,8.260000000000002,0.000999678604363726,very_rare,0.09996786043637261,,peak_abundance_with_occupancy_days_modifiers,0.0826
pipplo,US-SD,0.0023971245997214934,0.0015000000000000002,0.0024,breeding,0.0207,0.1216,0.0609,77.0,2.07,0.000999678604363726,very_rare,0.09996786043637261,rare,peak_abundance_with_occupancy_days_modifiers,0.0207
leabit,US-SD,0.0023971245997214934,0.0011666666666666668,0.0024,breeding,0.1737,0.0678,0.0164,49.0,17.37,0.000999678604363726,very_rare,0.09996786043637261,,peak_abundance_with_occupancy_days_modifiers,0.1737
olsfly,US-SD,0.0022973590486834897,0.0013,0.0023,postbreeding_migration,0.2629,0.0052,0.0019,56.0,26.290000000000003,0.0009580731380325941,very_rare,0.09580731380325941,,peak_abundance_with_occupancy_days_modifiers,0.2629
rudtur,US-SD,0.0022973590486834897,0.00115,0.0023,prebreeding_migration,0.0588,,,,5.88,0.0009580731380325941,very_rare,0.09580731380325941,,peak_abundance_with_occupancy_days_modifiers,0.0588
phivir,US-SD,0.002097798082146129,0.002,0.0021,postbreeding_migration,0.3052,0.015,0.0029,49.0,30.520000000000003,0.0008748497509225938,very_rare,0.08748497509225937,,peak_abundance_with_occupancy_days_modifiers,0.3052
grnher,US-SD,0.0018981972830802527,0.0009000000000000001,0.0019,breeding,0.0285,0.002,0.0008,91.0,2.85,0.0007916097523579702,very_rare,0.07916097523579702,rare,peak_abundance_with_occupancy_days_modifiers,0.0285
caster1,US-SD,0.0017983819413793735,0.001,0.0018,breeding,0.0189,0.0028,0.0006,70.0,1.8900000000000001,0.0007499835217076287,very_rare,0.07499835217076287,rare,peak_abundance_with_occupancy_days_modifiers,0.0189
yebfly,US-SD,0.0016985566355814774,0.0015,0.0017,prebreeding_migration,0.1634,0.0083,0.0007,49.0,16.34,0.00070835313570608,very_rare,0.070835313570608,,peak_abundance_with_occupancy_days_modifiers,0.1634
comloo,US-SD,0.0016985566355814774,0.0009333333333333333,0.0017,postbreeding_migration,0.0123,0.0009,0.0003,84.0,1.23,0.00070835313570608,very_rare,0.070835313570608,rare,peak_abundance_with_occupancy_days_modifiers,0.0123
eastow,US-SD,0.0015987213636970278,0.0009333333333333333,0.0016,breeding,0.0097,0.0017,0.0003,105.0,0.97,0.0006667185935236227,very_rare,0.06667185935236226,very_rare,peak_abundance_with_occupancy_days_modifiers,0.0097
loeowl,US-SD,0.0014988761237358919,0.000575,0.0015,nonbreeding,0.1473,0.0,0.0,7.0,14.729999999999999,0.0006250798943303071,very_rare,0.06250798943303071,very_rare,peak_abundance_with_occupancy_days_modifiers,0.1473
leater1,US-SD,0.0014988761237358919,0.0007,0.0015,breeding,0.0067,0.0097,0.0007,56.0,0.67,0.0006250798943303071,very_rare,0.06250798943303071,very_rare,peak_abundance_with_occupancy_days_modifiers,0.0067
veery,US-SD,0.001399020913707341,0.00095,0.0014,prebreeding_migration,0.1067,0.0066,0.001,42.0,10.67,0.0005834370372959348,very_rare,0.05834370372959348,,peak_abundance_with_occupancy_days_modifiers,0.1067
mouwar,US-SD,0.001399020913707341,0.0009,0.0014,postbreeding_migration,0.1368,0.0066,0.0037,49.0,13.68,0.0005834370372959348,very_rare,0.05834370372959348,,peak_abundance_with_occupancy_days_modifiers,0.1368
rebmer,US-SD,0.001399020913707341,0.0007666666666666667,0.0014,prebreeding_migration,0.023,0.0001,0.0,0.0,2.3,0.0005834370372959348,very_rare,0.05834370372959348,very_rare,peak_abundance_with_occupancy_days_modifiers,0.023
pinjay,US-SD,0.00129915573162005,0.0013,0.0013,resident,0.0082,0.0038,0.0002,365.0,0.8200000000000001,0.0005417900215900586,very_rare,0.05417900215900586,very_rare,peak_abundance_with_occupancy_days_modifiers,0.0082
macwar,US-SD,0.00129915573162005,0.0007333333333333332,0.0013,breeding,0.0083,0.0011,0.0004,49.0,0.83,0.0005417900215900586,very_rare,0.05417900215900586,very_rare,peak_abundance_with_occupancy_days_modifiers,0.0083
herthr,US-SD,0.0011992805754820971,0.0005666666666666666,0.0012,prebreeding_migration,0.0845,0.0018,0.0002,49.0,8.450000000000001,0.0005001388463819827,very_rare,0.050013884638198274,,peak_abundance_with_occupancy_days_modifiers,0.0845
canwar,US-SD,0.0011992805754820971,0.00065,0.0012,postbreeding_migration,0.1018,0.0058,0.0025,49.0,10.18,0.0005001388463819827,very_rare,0.050013884638198274,,peak_abundance_with_occupancy_days_modifiers,0.1018
bkbwar,US-SD,0.000899595242836093,0.0006,0.0009,postbreeding_migration,0.0813,0.0038,0.0008,35.0,8.129999999999999,0.0003751603554337701,very_rare,0.03751603554337701,,peak_abundance_with_occupancy_days_modifiers,0.0813
brthum,US-SD,0.000899595242836093,0.00036666666666666667,0.0009,breeding,0.0111,0.0031,0.0007,49.0,1.11,0.0003751603554337701,very_rare,0.03751603554337701,rare,peak_abundance_with_occupancy_days_modifiers,0.0111
chswar,US-SD,0.000899595242836093,0.0008500000000000001,0.0009,prebreeding_migration,0.084,0.0045,0.0006,28.0,8.4,0.0003751603554337701,very_rare,0.03751603554337701,rare,peak_abundance_with_occupancy_days_modifiers,0.084
lewwoo,US-SD,0.0007996801705643322,0.00035000000000000005,0.0008,breeding,0.0063,0.0149,0.0044,63.0,0.63,0.0003334925339049559,very_rare,0.03334925339049559,very_rare,peak_abundance_with_occupancy_days_modifiers,0.0063
lesgol,US-SD,0.0006997551142733419,0.00023333333333333333,0.0007,breeding,0.0098,0.0007,0.0001,98.0,0.98,0.0002918205487167264,very_rare,0.02918205487167264,very_rare,peak_abundance_with_occupancy_days_modifiers,0.0098
osprey,US-SD,0.0006997551142733419,0.0007,0.0007,breeding,0.0133,0.0004,0.0003,119.0,1.3299999999999998,0.0002918205487167264,very_rare,0.02918205487167264,rare,peak_abundance_with_occupancy_days_modifiers,0.0133
scatan,US-SD,0.0006997551142733419,0.0003333333333333333,0.0007,breeding,0.0254,0.0027,0.0004,77.0,2.54,0.0002918205487167264,very_rare,0.02918205487167264,rare,peak_abundance_with_occupancy_days_modifiers,0.0254
bkbwoo,US-SD,0.0006997551142733419,0.0007,0.0007,resident,0.011,0.0009,0.0008,365.0,1.0999999999999999,0.0002918205487167264,very_rare,0.02918205487167264,rare,peak_abundance_with_occupancy_days_modifiers,0.011
amewoo,US-SD,0.0006997551142733419,0.00035,0.0007,prebreeding_migration,0.0361,0.002,0.0006,56.0,3.61,0.0002918205487167264,very_rare,0.02918205487167264,rare,peak_abundance_with_occupancy_days_modifiers,0.0361
casfin,US-SD,0.0005998200719676155,0.00045,0.0006,nonbreeding,0.0171,0.0039,0.0005,56.0,1.71,0.0002501443990368907,very_rare,0.02501443990368907,rare,peak_abundance_with_occupancy_days_modifiers,0.0171
canwre,US-SD,0.0005998200719676155,0.0006,0.0006,resident,0.0061,0.0012,0.0006,365.0,0.61,0.0002501443990368907,very_rare,0.02501443990368907,very_rare,peak_abundance_with_occupancy_days_modifiers,0.0061
clanut,US-SD,0.0005998200719676155,0.0006,0.0006,resident,0.0059,0.0014,0.0003,365.0,0.59,0.0002501443990368907,very_rare,0.02501443990368907,very_rare,peak_abundance_with_occupancy_days_modifiers,0.0059
henspa,US-SD,0.0005998200719676155,0.0003,0.0006,breeding,0.0189,0.0091,0.0025,70.0,1.8900000000000001,0.0002501443990368907,very_rare,0.02501443990368907,rare,peak_abundance_with_occupancy_days_modifiers,0.0189
bknsti,US-SD,0.000499875041651048,0.0003666666666666666,0.0005,prebreeding_migration,0.0421,0.002,0.0,35.0,4.21,0.00020846408403300828,very_rare,0.020846408403300827,rare,peak_abundance_with_occupancy_days_modifiers,0.0421
nswowl,US-SD,0.000499875041651048,0.0003,0.0005,nonbreeding,0.0291,0.0105,0.0114,84.0,2.91,0.00020846408403300828,very_rare,0.020846408403300827,rare,peak_abundance_with_occupancy_days_modifiers,0.0291
caskin,US-SD,0.000499875041651048,0.0002,0.0005,breeding,0.0338,0.0049,0.0002,35.0,3.38,0.00020846408403300828,very_rare,0.020846408403300827,rare,peak_abundance_with_occupancy_days_modifiers,0.0338
easwpw1,US-SD,0.000499875041651048,0.00030000000000000003,0.0005,breeding,0.0076,0.0013,0.0011,49.0,0.76,0.00020846408403300828,very_rare,0.020846408403300827,very_rare,peak_abundance_with_occupancy_days_modifiers,0.0076
grtgra,US-SD,0.000499875041651048,0.00030000000000000003,0.0005,breeding,0.0332,0.0044,0.0,63.0,3.32,0.00020846408403300828,very_rare,0.020846408403300827,rare,peak_abundance_with_occupancy_days_modifiers,0.0332
comter,US-SD,0.0003999200213269354,0.0003,0.0004,prebreeding_migration,0.0148,0.0002,0.0,49.0,1.48,0.00016677960287238907,very_rare,0.016677960287238905,rare,peak_abundance_with_occupancy_days_modifiers,0.0148
comrav,US-SD,0.0003999200213269354,0.0004,0.0004,resident,0.0142,0.0001,0.0,365.0,1.4200000000000002,0.00016677960287238907,very_rare,0.016677960287238905,rare,peak_abundance_with_occupancy_days_modifiers,0.0142
mcclon,US-SD,0.00029995500899797546,0.00019999999999999998,0.0003,breeding,0.0146,0.0128,0.0006,56.0,1.46,0.00012509095472209328,very_rare,0.012509095472209329,rare,peak_abundance_with_occupancy_days_modifiers,0.0146
virwar,US-SD,0.00029995500899797546,0.00015,0.0003,breeding,0.0045,0.002,0.0011,56.0,0.44999999999999996,0.00012509095472209328,very_rare,0.012509095472209329,very_rare,peak_abundance_with_occupancy_days_modifiers,0.0045
woothr,US-SD,0.00019998000266626675,0.0001,0.0002,breeding,0.0025,0.0002,0.0001,91.0,0.25,8.339813874893117e-05,very_rare,0.008339813874893118,very_rare,peak_abundance_with_occupancy_days_modifiers,0.0025
babwar,US-SD,0.00019998000266626675,0.0002,0.0002,postbreeding_migration,0.0305,0.0022,0.0004,28.0,3.05,8.339813874893117e-05,very_rare,0.008339813874893118,rare,peak_abundance_with_occupancy_days_modifiers,0.0305
lbbgul,US-SD,0.00019998000266626675,6.666666666666667e-05,0.0002,postbreeding_migration,0.0048,0.0004,0.0,77.0,0.48,8.339813874893117e-05,very_rare,0.008339813874893118,very_rare,peak_abundance_with_occupancy_days_modifiers,0.0048
cintea,US-SD,0.00019998000266626675,0.0001,0.0002,prebreeding_migration,0.0183,0.0039,0.0001,28.0,1.83,8.339813874893117e-05,very_rare,0.008339813874893118,rare,peak_abundance_with_occupancy_days_modifiers,0.0183
attwoo1,US-SD,0.00019998000266626675,0.0002,0.0002,resident,0.003,0.0002,0.0003,365.0,0.3,8.339813874893117e-05,very_rare,0.008339813874893118,very_rare,peak_abundance_with_occupancy_days_modifiers,0.003
amedip,US-SD,0.00019998000266626675,0.0002,0.0002,resident,0.0005,0.0002,0.0007,0.0,0.05,8.339813874893117e-05,very_rare,0.008339813874893118,very_rare,peak_abundance_with_occupancy_days_modifiers,0.0005
lotduc,US-SD,9.999500033330834e-05,3.3333333333333335e-05,0.0001,nonbreeding,0.0001,0.0001,0.0,0.0,0.01,4.170115411946329e-05,very_rare,0.004170115411946329,very_rare,peak_abundance_with_occupancy_days_modifiers,0.0001
winwre3,US-SD,9.999500033330834e-05,5e-05,0.0001,postbreeding_migration,0.0142,0.0012,0.0001,56.0,1.4200000000000002,4.170115411946329e-05,very_rare,0.004170115411946329,rare,peak_abundance_with_occupancy_days_modifiers,0.0142
blksco2,US-SD,9.999500033330834e-05,5e-05,0.0001,postbreeding_migration,0.0064,0.0025,0.0,28.0,0.64,4.170115411946329e-05,very_rare,0.004170115411946329,rare,peak_abundance_with_occupancy_days_modifiers,0.0064
brdowl,US-SD,9.999500033330834e-05,0.0001,0.0001,resident,0.0021,0.0001,0.0001,365.0,0.21,4.170115411946329e-05,very_rare,0.004170115411946329,very_rare,peak_abundance_with_occupancy_days_modifiers,0.0021
pilwoo,US-SD,9.999500033330834e-05,0.0001,0.0001,resident,0.0008,0.0,0.0,0.0,0.08,4.170115411946329e-05,very_rare,0.004170115411946329,very_rare,peak_abundance_with_occupancy_days_modifiers,0.0008
norpar,US-SD,9.999500033330834e-05,5e-05,0.0001,prebreeding_migration,0.0139,0.0007,0.0,28.0,1.39,4.170115411946329e-05,very_rare,0.004170115411946329,rare,peak_abundance_with_occupancy_days_modifiers,0.0139
btnwar,US-SD,9.999500033330834e-05,5e-05,0.0001,prebreeding_migration,0.0126,0.0006,0.0,35.0,1.26,4.170115411946329e-05,very_rare,0.004170115411946329,rare,peak_abundance_with_occupancy_days_modifiers,0.0126
whwsco2,US-SD,9.999500033330834e-05,0.0001,0.0001,postbreeding_migration,0.0071,0.0011,0.0,49.0,0.7100000000000001,4.170115411946329e-05,very_rare,0.004170115411946329,very_rare,peak_abundance_with_occupancy_days_modifiers,0.0071
camwar,US-SD,9.999500033330834e-05,5e-05,0.0001,prebreeding_migration,0.0149,0.001,0.0001,21.0,1.49,4.170115411946329e-05,very_rare,0.004170115411946329,rare,peak_abundance_with_occupancy_days_modifiers,0.0149
sursco,US-SD,9.999500033330834e-05,0.0001,0.0001,postbreeding_migration,0.0072,0.0027,0.0,42.0,0.72,4.170115411946329e-05,very_rare,0.004170115411946329,very_rare,peak_abundance_with_occupancy_days_modifiers,0.0072
gowwar,US-SD,9.999500033330834e-05,0.0001,0.0001,prebreeding_migration,0.0317,0.0057,0.0004,21.0,3.17,4.170115411946329e-05,very_rare,0.004170115411946329,rare,peak_abundance_with_occupancy_days_modifiers,0.0317
gloibi,US-SD,9.999500033330834e-05,5e-05,0.0001,breeding,0.0452,,,,4.52,4.170115411946329e-05,very_rare,0.004170115411946329,rare,peak_abundance_with_occupancy_days_modifiers,0.0452
casspa,US-SD,9.999500033330834e-05,0.0001,0.0001,breeding,0.007,0.0011,0.0001,28.0,0.7000000000000001,4.170115411946329e-05,very_rare,0.004170115411946329,rare,peak_abundance_with_occupancy_days_modifiers,0.007
clagre,US-SD,9.999500033330834e-05,3.3333333333333335e-05,0.0001,breeding,0.0084,0.0306,0.0006,42.0,0.84,4.170115411946329e-05,very_rare,0.004170115411946329,very_rare,peak_abundance_with_occupancy_days_modifiers,0.0084
rufgro,US-SD,9.999500033330834e-05,0.0001,0.0001,resident,0.0089,0.0004,0.0,365.0,0.89,4.170115411946329e-05,very_rare,0.004170115411946329,very_rare,peak_abundance_with_occupancy_days_modifiers,0.0089
sagthr,US-SD,9.999500033330834e-05,5e-05,0.0001,breeding,0.0144,0.0025,0.0001,49.0,1.44,4.170115411946329e-05,very_rare,0.004170115411946329,rare,peak_abundance_with_occupancy_days_modifiers,0.0144
bklkit,US-SD,3.70168188828771e-06,3.701688739520565e-06,3.701688739520565e-06,nonbreeding,0.0014453279047589,4.166748048464488e-05,2.4891733055137732e-08,7.0,0.14453279047589,1.543721250169409e-06,very_rare,0.0001543721250169409,very_rare,peak_abundance_with_occupancy_days_modifiers,0.0014453279047589
yebloo,US-SD,0.0,0.0,0.0,breeding,0.0001,,,,0.01,0.0,very_rare,0.0,very_rare,peak_abundance_with_occupancy_days_modifiers,0.0001
ycnher,US-SD,0.0,0.0,0.0,postbreeding_migration,0.0012,0.0003,0.0,0.0,0.12,0.0,very_rare,0.0,very_rare,peak_abundance_with_occupancy_days_modifiers,0.0012
y00478,US-SD,0.0,0.0,0.0,nonbreeding,0.0003,0.0003,0.0,0.0,0.03,0.0,very_rare,0.0,very_rare,peak_abundance_with_occupancy_days_modifiers,0.0003
yelrai,US-SD,0.0,0.0,0.0,breeding,0.0003,0.0001,0.0,0.0,0.03,0.0,very_rare,0.0,very_rare,peak_abundance_with_occupancy_days_modifiers,0.0003
obnthr1,US-SD,0.0,0.0,0.0,resident,0.0004,0.0002,0.0,0.0,0.04,0.0,very_rare,0.0,very_rare,peak_abundance_with_occupancy_days_modifiers,0.0004
sumtan,US-SD,0.0,0.0,0.0,prebreeding_migration,0.0002,0.0,0.0,0.0,0.02,0.0,very_rare,0.0,very_rare,peak_abundance_with_occupancy_days_modifiers,0.0002
whocra,US-SD,0.0,0.0,0.0,postbreeding_migration,0.0001,0.0046,0.0002,0.0,0.01,0.0,very_rare,0.0,very_rare,peak_abundance_with_occupancy_days_modifiers,0.0001
brnowl,US-SD,0.0,0.0,0.0,resident,0.0349,,,,3.49,0.0,very_rare,0.0,rare,peak_abundance_with_occupancy_days_modifiers,0.0349
normoc,US-SD,0.0,0.0,0.0,prebreeding_migration,0.0021,0.0001,0.0,14.0,0.21,0.0,very_rare,0.0,rare,peak_abundance_with_occupancy_days_modifiers,0.0021
buwwar,US-SD,0.0,0.0,0.0,breeding,0.0001,0.0,0.0001,0.0,0.01,0.0,very_rare,0.0,very_rare,peak_abundance_with_occupancy_days_modifiers,0.0001
carwre,US-SD,0.0,0.0,0.0,resident,0.0001,0.0,0.0,0.0,0.01,0.0,very_rare,0.0,very_rare,peak_abundance_with_occupancy_days_modifiers,0.0001
pacwre1,US-SD,0.0,0.0,0.0,breeding,0.001,0.0002,0.0,0.0,0.1,0.0,very_rare,0.0,very_rare,peak_abundance_with_occupancy_days_modifiers,0.001
sabgul,US-SD,0.0,0.0,0.0,postbreeding_migration,0.0008,,,,0.08,0.0,very_rare,0.0,very_rare,peak_abundance_with_occupancy_days_modifiers,0.0008
pacloo,US-SD,0.0,0.0,0.0,postbreeding_migration,0.0034,0.0002,0.0,21.0,0.33999999999999997,0.0,very_rare,0.0,rare,peak_abundance_with_occupancy_days_modifiers,0.0034
kinrai4,US-SD,0.0,0.0,0.0,breeding,0.0002,0.0003,0.0,0.0,0.02,0.0,very_rare,0.0,very_rare,peak_abundance_with_occupancy_days_modifiers,0.0002
conwar,US-SD,0.0,0.0,0.0,prebreeding_migration,0.0116,0.0034,0.0002,21.0,1.16,0.0,very_rare,0.0,rare,peak_abundance_with_occupancy_days_modifiers,0.0116
gbbgul,US-SD,0.0,0.0,0.0,resident,0.0002,0.0001,0.0,0.0,0.02,0.0,very_rare,0.0,very_rare,peak_abundance_with_occupancy_days_modifiers,0.0002
glagul,US-SD,0.0,0.0,0.0,nonbreeding,0.0004,0.0003,0.0,0.0,0.04,0.0,very_rare,0.0,very_rare,peak_abundance_with_occupancy_days_modifiers,0.0004
grekis,US-SD,0.0,0.0,0.0,resident,0.0002,0.0,0.0,0.0,0.02,0.0,very_rare,0.0,very_rare,peak_abundance_with_occupancy_days_modifiers,0.0002
redkno,US-SD,0.0,0.0,0.0,postbreeding_migration,0.0081,,,,0.8099999999999999,0.0,very_rare,0.0,very_rare,peak_abundance_with_occupancy_days_modifiers,0.0081
