species_code,country_code,abundance,abundance_mean_avg,abundance_mean_max,peak_season,range_occupied_percent,range_total_percent,total_pop_percent,range_days_occupation,occupancy,score,frequency,frequency_pct,rarity_cap,commonness_basis,debug_range_occupied_max
renpha,KZ,2.289491939291711,4.784080192323751,8.869921887612286,prebreeding_migration,0.3173179884616571,0.1059232191728976,0.4312522607453771,56.0,31.73179884616571,0.9547922985893577,abundant,95.47922985893577,,peak_abundance_with_occupancy_days_modifiers,0.3173179884616571
ruff,KZ,1.8959598038250134,2.0301151807310855,5.65893661125989,prebreeding_migration,0.2159335545364661,0.1307225793015586,0.5208255680578541,91.0,21.59335545364661,0.7906766510333901,abundant,79.06766510333901,,peak_abundance_with_occupancy_days_modifiers,0.2159335545364661
barswa,KZ,1.648824220151751,3.2524533535778986,4.200861163034711,postbreeding_migration,0.7640595400053618,0.1112747989152414,0.1076790662594601,105.0,76.40595400053618,0.6876131075681026,common,68.76131075681026,,peak_abundance_with_occupancy_days_modifiers,0.7640595400053618
eursta,KZ,1.5296917635370813,2.1464603184194284,3.6167535511742392,postbreeding_migration,0.1630121329437131,0.1070990402557818,0.0190175362989976,112.0,16.301213294371312,0.6379310142898418,common,63.79310142898418,,peak_abundance_with_occupancy_days_modifiers,0.1630121329437131
callar1,KZ,1.5117853134403982,1.1099896408330288,3.5348196460617807,postbreeding_migration,0.5432272144849049,0.3978470369039434,0.5159657317585218,77.0,54.32272144849048,0.630463444584103,common,63.046344458410296,,peak_abundance_with_occupancy_days_modifiers,0.5432272144849049
whwter,KZ,1.1962276836990666,0.9034361792913134,2.3076159851176925,prebreeding_migration,0.1467909029930721,0.2168148643635006,0.1914606967993403,56.0,14.67909029930721,0.4988656916209086,common,49.88656916209086,,peak_abundance_with_occupancy_days_modifiers,0.1467909029930721
rook1,KZ,1.195645191099321,2.098557593675927,2.305689884307756,nonbreeding,0.3864225929466376,0.3021578845630984,0.3186619207165186,217.0,38.64225929466376,0.4986227733390499,common,49.86227733390499,,peak_abundance_with_occupancy_days_modifiers,0.3864225929466376
banswa,KZ,1.1302379502607374,1.2928785014561661,2.096393200041562,postbreeding_migration,0.4779069892700875,0.246605017697556,0.2003603062622315,105.0,47.79069892700875,0.47134583527567364,common,47.134583527567365,,peak_abundance_with_occupancy_days_modifiers,0.4779069892700875
comcha,KZ,1.0881945284760721,0.787738706083443,1.9689089501659536,postbreeding_migration,0.4000204708590135,0.068498465678849,0.0510393923095386,77.0,40.002047085901346,0.45381236654515644,common,45.38123665451565,,peak_abundance_with_occupancy_days_modifiers,0.4000204708590135
litsti,KZ,0.8589166184884696,0.890675976261926,1.360601875439936,prebreeding_migration,0.1369242352242978,0.2169951524357128,0.5753603385352679,77.0,13.692423522429781,0.35819605144227346,common,35.819605144227346,,peak_abundance_with_occupancy_days_modifiers,0.1369242352242978
eaywag1,KZ,0.7996220750669508,0.7596999999999999,1.2247,prebreeding_migration,0.8727,0.0723,0.1817,105.0,87.27000000000001,0.33346830620078866,common,33.34683062007887,,peak_abundance_with_occupancy_days_modifiers,0.8727
whiwag,KZ,0.7368722045811932,0.5787670862689006,1.0893900986910028,prebreeding_migration,0.8126455188140601,0.1121310335281916,0.1320840809532251,126.0,81.264551881406,0.3072995776505515,common,30.72995776505515,,peak_abundance_with_occupancy_days_modifiers,0.8126455188140601
dunlin,KZ,0.7257353420610065,0.7318591951845568,1.0662499419547191,prebreeding_migration,0.1008913698898532,0.1008411993560668,0.1391408892593077,70.0,10.08913698898532,0.30265514524079495,common,30.265514524079496,,peak_abundance_with_occupancy_days_modifiers,0.1008913698898532
corbun1,KZ,0.7137511628576295,0.476497712526246,1.0416354193913056,postbreeding_migration,0.0938873767955855,0.0270105236200007,0.0758291968414698,70.0,9.388737679558549,0.29765735432835394,common,29.765735432835395,,peak_abundance_with_occupancy_days_modifiers,0.0938873767955855
grecor,KZ,0.6743781367943089,0.5225411057466302,0.9628119958079938,nonbreeding,0.0192267143982491,0.0995818836467708,0.0779873927312231,91.0,1.9226714398249098,0.2812375271115581,rare,28.12375271115581,rare,peak_abundance_with_occupancy_days_modifiers,0.0192267143982491
bkhgul,KZ,0.659162224076943,0.6988898988009533,0.9331720907634756,prebreeding_migration,0.1700880174497408,0.1789768681792338,0.1244931892091949,161.0,17.008801744974082,0.2748919986433324,fairly_common,27.48919986433324,,peak_abundance_with_occupancy_days_modifiers,0.1700880174497408
whiter,KZ,0.6456748259665125,0.4363971017171359,0.9072736728925468,breeding,0.1659718674055243,0.0577076489880459,0.0776852877113479,42.0,16.59718674055243,0.2692673167552488,fairly_common,26.926731675524877,,peak_abundance_with_occupancy_days_modifiers,0.1659718674055243
whiter2,KZ,0.6456748259665125,0.4363971017171359,0.9072736728925468,breeding,0.1659718674055243,0.0577076489880459,0.0776852877113479,42.0,16.59718674055243,0.2692673167552488,fairly_common,26.926731675524877,,peak_abundance_with_occupancy_days_modifiers,0.1659718674055243
mallar3,KZ,0.6392805828224478,0.4594357028505011,0.8951170090381529,postbreeding_migration,0.1192643832020393,0.0724534398181205,0.0447272292524723,154.0,11.92643832020393,0.26660071024553134,fairly_common,26.660071024553133,,peak_abundance_with_occupancy_days_modifiers,0.1192643832020393
eurcoo,KZ,0.6042335724531469,0.3790502945141636,0.8298492244592811,postbreeding_migration,0.0623032807013593,0.1222225228364936,0.0764960135616183,140.0,6.23032807013593,0.25198497169895145,fairly_common,25.198497169895145,,peak_abundance_with_occupancy_days_modifiers,0.0623032807013593
casgul2,KZ,0.5803703429569844,0.48002500000000003,0.7867,postbreeding_migration,0.6737,0.4475,0.4178,147.0,67.36999999999999,0.24203323203506122,fairly_common,24.203323203506123,,peak_abundance_with_occupancy_days_modifiers,0.6737
comshe,KZ,0.5788019787750849,0.41940000000000005,0.7839,nonbreeding,0.125,,,,12.5,0.24137917336965947,fairly_common,24.13791733696595,,peak_abundance_with_occupancy_days_modifiers,0.125
eubeat1,KZ,0.5258623142715004,0.5600286539152022,0.6919171838508114,breeding,0.6582957457360566,0.2293594380682994,0.1282880671916958,56.0,65.82957457360567,0.2193016184805324,fairly_common,21.93016184805324,,peak_abundance_with_occupancy_days_modifiers,0.6582957457360566
skylar,KZ,0.5183711290927493,0.6521285102329705,0.6792900739791063,prebreeding_migration,0.2245751632838478,0.1523075319806881,0.1984646252067936,140.0,22.45751632838478,0.21617755161083593,fairly_common,21.617755161083593,,peak_abundance_with_occupancy_days_modifiers,0.2245751632838478
crelar1,KZ,0.5149196564919609,0.6547738596464046,0.6735040412106957,nonbreeding,0.2906638331080923,0.0556535595740937,0.0419704323004869,161.0,29.06638331080923,0.21473817573819387,fairly_common,21.47381757381939,,peak_abundance_with_occupancy_days_modifiers,0.2906638331080923
bkwsti,KZ,0.4973145468437925,0.6006809102063443,0.6442996466494213,breeding,0.3807863092804676,0.1336491208501228,0.121880367363906,84.0,38.078630928046756,0.20739627476033215,fairly_common,20.739627476033213,,peak_abundance_with_occupancy_days_modifiers,0.3807863092804676
comchi1,KZ,0.486408618111656,0.3435795146038232,0.6264644632831183,postbreeding_migration,0.6881238000754816,0.124348364942245,0.1319767525348288,77.0,68.81238000754816,0.20284814922046687,fairly_common,20.28481492204669,,peak_abundance_with_occupancy_days_modifiers,0.6881238000754816
blakit1,KZ,0.4728259665044566,0.49870078453825983,0.6045221180833542,breeding,0.503946406239738,0.0937793557383995,0.0982174990702018,77.0,50.3946406239738,0.19718374353883408,fairly_common,19.71837435388341,,peak_abundance_with_occupancy_days_modifiers,0.503946406239738
mutswa,KZ,0.4717697079691315,0.4302570944302988,0.6028282226542506,prebreeding_migration,0.3822728226672914,0.2724171194329255,0.1685861084887275,63.0,38.22728226672914,0.19674324951588523,fairly_common,19.674324951588524,,peak_abundance_with_occupancy_days_modifiers,0.3822728226672914
compoc,KZ,0.4671015828826264,0.4286998449735508,0.595363456804715,breeding,0.1426839994813547,0.212185864464716,0.2597633153863086,112.0,14.268399948135471,0.19479649014759245,fairly_common,19.479649014759246,,peak_abundance_with_occupancy_days_modifiers,0.1426839994813547
norlap,KZ,0.44465524898383585,0.48504781373545186,0.5599523079759593,postbreeding_migration,0.2480002239729421,0.2618716500342134,0.1436493752178066,126.0,24.80002239729421,0.18543564184307276,fairly_common,18.543564184307275,,peak_abundance_with_occupancy_days_modifiers,0.2480002239729421
recpoc,KZ,0.42957218345139747,0.357375,0.5366,prebreeding_migration,0.4415,0.3776,0.3668,63.0,44.15,0.17914551495407133,fairly_common,17.91455149540713,,peak_abundance_with_occupancy_days_modifiers,0.4415
hoocro1,KZ,0.4152173995508427,0.349425,0.5147,prebreeding_migration,0.6604,0.1597,0.1064,168.0,66.03999999999999,0.17315910509564467,fairly_common,17.315910509564468,,peak_abundance_with_occupancy_days_modifiers,0.6604
blbsan1,KZ,0.41181690493800777,0.44504326840830855,0.5095580184051779,breeding,0.4459715680314562,0.3022170484157909,0.3655442844112352,42.0,44.59715680314562,0.17174098869522894,fairly_common,17.174098869522894,,peak_abundance_with_occupancy_days_modifiers,0.4459715680314562
carcro1,KZ,0.4071969409529232,0.2545,0.5026,postbreeding_migration,0.4413,0.0595,0.0509,63.0,44.13,0.1698143140662352,fairly_common,16.98143140662352,,peak_abundance_with_occupancy_days_modifiers,0.4413
eurjac,KZ,0.37128765630657784,0.2272,0.4496,breeding,0.8629,0.2919,0.1986,140.0,86.29,0.1548389792158358,fairly_common,15.483897921583582,,peak_abundance_with_occupancy_days_modifiers,0.8629
mewgul,KZ,0.35579713869796803,0.20630124942239506,0.4273179713107854,nonbreeding,0.1398256934741701,0.0971210727384354,0.0820308873183941,77.0,13.982569347417009,0.1483789316131179,fairly_common,14.837893161311792,,peak_abundance_with_occupancy_days_modifiers,0.1398256934741701
woosan,KZ,0.3511866264725025,0.2478801632461686,0.4207524511899929,postbreeding_migration,0.5594508489428357,0.1271887657571491,0.1290242399688641,112.0,55.94508489428357,0.14645619867404125,fairly_common,14.645619867404125,,peak_abundance_with_occupancy_days_modifiers,0.5594508489428357
leswhi4,KZ,0.32781090358674186,0.23676517796994687,0.387926495551315,prebreeding_migration,0.883188985942423,0.1187613583239954,0.1817433546590918,84.0,88.3188985942423,0.13670776505772195,fairly_common,13.670776505772194,,peak_abundance_with_occupancy_days_modifiers,0.883188985942423
eurmag1,KZ,0.30977920929273084,0.3631241157669638,0.3631241157669638,resident,0.6130436115447969,0.149121618404407,0.0612815645483874,365.0,61.30436115447969,0.12918796446485964,common,12.918796446485963,,peak_abundance_with_occupancy_days_modifiers,0.6130436115447969
reebun,KZ,0.308513582031714,0.199575,0.3614,postbreeding_migration,0.8773,0.1722,0.2547,91.0,87.72999999999999,0.12866015690154606,fairly_common,12.866015690154606,,peak_abundance_with_occupancy_days_modifiers,0.8773
sibsto1,KZ,0.30594289925567153,0.20143404175060198,0.3579047669612089,prebreeding_migration,0.7990162212458171,0.1703157078393337,0.2908595335523872,77.0,79.9016221245817,0.12758809891585993,fairly_common,12.758809891585992,,peak_abundance_with_occupancy_days_modifiers,0.7990162212458171
lbbgul,KZ,0.30447574076503214,0.21376300786154365,0.3559139662200961,prebreeding_migration,0.3159388895959431,0.3282342240998684,0.2567703018599123,98.0,31.593888959594306,0.1269762463019102,fairly_common,12.69762463019102,,peak_abundance_with_occupancy_days_modifiers,0.3159388895959431
ortdov,KZ,0.30303615354593755,0.16440344213989913,0.3539634141359212,prebreeding_migration,0.5324544575781847,0.1428951324950649,0.1129883268492366,84.0,53.245445757818466,0.12637589180126738,fairly_common,12.637589180126737,,peak_abundance_with_occupancy_days_modifiers,0.5324544575781847
isawhe1,KZ,0.3021765186022335,0.2629333333333333,0.3528,breeding,0.8688,0.2173,0.243,14.0,86.88,0.12601739618494268,rare,12.601739618494268,rare,peak_abundance_with_occupancy_days_modifiers,0.8688
gargan,KZ,0.28913614813963817,0.2515387192397018,0.3352735111579965,prebreeding_migration,0.2158217475663015,0.3089239315301624,0.4772058074950033,105.0,21.58217475663015,0.12057913930586847,fairly_common,12.057913930586848,,peak_abundance_with_occupancy_days_modifiers,0.2158217475663015
eurrol1,KZ,0.2881628199314126,0.28887778122728097,0.3339744840762956,postbreeding_migration,0.5117875669251778,0.1704617637114792,0.1858633674748549,77.0,51.17875669251778,0.12017322991555142,fairly_common,12.017322991555142,,peak_abundance_with_occupancy_days_modifiers,0.5117875669251778
wemhar1,KZ,0.2752045509406683,0.202725,0.3168,prebreeding_migration,0.7998,0.2782,0.2845,119.0,79.97999999999999,0.11476921200962271,fairly_common,11.476921200962272,,peak_abundance_with_occupancy_days_modifiers,0.7998
spaspa1,KZ,0.26474604116872325,0.20079999999999998,0.3031,breeding,0.2386,,,,23.86,0.1104076746686946,fairly_common,11.04076746686946,,peak_abundance_with_occupancy_days_modifiers,0.2386
citwag,KZ,0.25564946287046886,0.17975,0.2913,prebreeding_migration,0.9191,0.1483,0.1743,105.0,91.91,0.10661410686719573,fairly_common,10.661410686719574,,peak_abundance_with_occupancy_days_modifiers,0.9191
grefla3,KZ,0.25279942448577014,0.17062747992557784,0.2876249848884971,breeding,0.02314455647715,0.0395057262998575,0.0216219087767122,14.0,2.314455647715,0.10542554854397387,rare,10.542554854397387,rare,peak_abundance_with_occupancy_days_modifiers,0.02314455647715
comter,KZ,0.25165826949144826,0.19382408368129975,0.2861564432823376,breeding,0.1548841107436677,0.0365402664819402,0.0339534512578313,84.0,15.48841107436677,0.10494964994770611,fairly_common,10.494964994770612,,peak_abundance_with_occupancy_days_modifiers,0.1548841107436677
gloibi,KZ,0.2496047861754145,0.18262029809568467,0.28351805235725,prebreeding_migration,0.1576425550804175,0.0604768848298491,0.0678127999002538,49.0,15.76425550804175,0.10409328088967076,fairly_common,10.409328088967076,,peak_abundance_with_occupancy_days_modifiers,0.1576425550804175
hoopoe,KZ,0.24339053694736373,0.20024731924514028,0.2755666827754255,breeding,0.6581112385336176,0.0706383713231074,0.0903444375461645,84.0,65.81112385336176,0.10150173767319047,fairly_common,10.150173767319046,,peak_abundance_with_occupancy_days_modifiers,0.6581112385336176
gragoo,KZ,0.24321108221276858,0.0952485071628449,0.2753377968328569,postbreeding_migration,0.0200245595481595,0.0755395182407249,0.026640661346647,70.0,2.00245595481595,0.10142689923606986,rare,10.142689923606985,rare,peak_abundance_with_occupancy_days_modifiers,0.0200245595481595
eurkes,KZ,0.23313917100087575,0.1723851253800852,0.2625571784470539,prebreeding_migration,0.8433565775828432,0.1153502272948692,0.1528819813222958,91.0,84.33565775828433,0.09722658601716151,fairly_common,9.722658601716152,,peak_abundance_with_occupancy_days_modifiers,0.8433565775828432
comcuc,KZ,0.22849262931032,0.14505837531105914,0.256704262320624,prebreeding_migration,0.8074058715165247,0.0988093073609365,0.0767567618423541,70.0,80.74058715165246,0.09528882762409656,fairly_common,9.528882762409657,,peak_abundance_with_occupancy_days_modifiers,0.8074058715165247
gnwtea,KZ,0.2230661231511056,0.09492292831228143,0.2499032185429734,postbreeding_migration,0.0522096811794595,0.0184622504692464,0.017100829508255,63.0,5.22096811794595,0.09302579878344103,fairly_common,9.302579878344103,,peak_abundance_with_occupancy_days_modifiers,0.0522096811794595
steeag1,KZ,0.21499708118734992,0.11605040235801933,0.2398582780467541,postbreeding_migration,0.5884614484419829,0.3871025067476721,0.2514198177717617,77.0,58.84614484419829,0.08966074691679339,fairly_common,8.966074691679339,,peak_abundance_with_occupancy_days_modifiers,0.5884614484419829
cursan,KZ,0.21403791411764686,0.19996667640208893,0.2386696169687653,postbreeding_migration,0.4521217630417785,0.2947007798630826,0.1934851031600427,35.0,45.212176304177845,0.08926074317993969,fairly_common,8.926074317993969,,peak_abundance_with_occupancy_days_modifiers,0.4521217630417785
norsho,KZ,0.21371660485668928,0.17719907770179313,0.2382716848826222,prebreeding_migration,0.1647972169219252,0.1413008877768545,0.1703883445960979,77.0,16.47972169219252,0.08912674681045585,fairly_common,8.912674681045585,,peak_abundance_with_occupancy_days_modifiers,0.1647972169219252
comswi,KZ,0.20892819472700455,0.12553693164987823,0.232356505657849,breeding,0.1950902184309111,0.0666032680546698,0.0234997631835089,70.0,19.50902184309111,0.08712982468295329,fairly_common,8.712982468295328,,peak_abundance_with_occupancy_days_modifiers,0.1950902184309111
blrwar1,KZ,0.206275133203054,0.08475244955038584,0.2290913213116073,prebreeding_migration,0.7282095425510504,0.2224214104601604,0.2291881083618031,70.0,72.82095425510504,0.08602341209102454,fairly_common,8.602341209102454,,peak_abundance_with_occupancy_days_modifiers,0.7282095425510504
graher1,KZ,0.20544611605051583,0.12818394074428072,0.2280728057659658,postbreeding_migration,0.2342377655033221,0.0871358023262987,0.0875192476986713,133.0,23.42377655033221,0.08567768508536984,fairly_common,8.567768508536984,,peak_abundance_with_occupancy_days_modifiers,0.2342377655033221
hergul,KZ,0.2047351516308547,0.1513,0.2272,breeding,0.2187,0.0507,0.0279,70.0,21.87,0.08538118989322104,fairly_common,8.538118989322104,,peak_abundance_with_occupancy_days_modifiers,0.2187
rocpig,KZ,0.20270577674200585,0.224712076455036,0.224712076455036,resident,0.0586584969010761,0.0159112716173745,0.0119719136094177,365.0,5.86584969010761,0.08453487483022804,fairly_common,8.453487483022803,,peak_abundance_with_occupancy_days_modifiers,0.0586584969010761
brambl,KZ,0.18970476643507922,0.14080332533239678,0.2088926392832955,postbreeding_migration,0.3188447702877039,0.0421381540442849,0.0261538113458385,91.0,31.88447702877039,0.07911303241099917,fairly_common,7.911303241099916,,peak_abundance_with_occupancy_days_modifiers,0.3188447702877039
comros,KZ,0.1807369686637163,0.14453333333333332,0.1981,prebreeding_migration,0.9542,0.0925,0.0791,91.0,95.42,0.07537317026059866,uncommon,7.537317026059866,,peak_abundance_with_occupancy_days_modifiers,0.9542
grcgre1,KZ,0.17808002997764283,0.13333207264959274,0.1949209469049554,prebreeding_migration,0.0643219056011916,0.152887135672293,0.1493661740742603,112.0,6.432190560119159,0.07426514076647783,uncommon,7.426514076647783,,peak_abundance_with_occupancy_days_modifiers,0.0643219056011916
norwhe,KZ,0.1757460056432115,0.11651336816696488,0.1921352245736537,breeding,0.4932402399721485,0.161143435221675,0.106297062347769,91.0,49.32402399721485,0.07329177701664753,uncommon,7.3291777016647535,,peak_abundance_with_occupancy_days_modifiers,0.4932402399721485
comcra,KZ,0.17406444146025707,0.1110470207327783,0.1901322572098372,prebreeding_migration,0.1980150106924342,0.0572395377201382,0.0134240188267174,42.0,19.80150106924342,0.07259051028409672,uncommon,7.259051028409671,,peak_abundance_with_occupancy_days_modifiers,0.1980150106924342
bktgod,KZ,0.16313873737718065,0.129875,0.1772,prebreeding_migration,0.6392,0.2585,0.1361,105.0,63.92,0.06803413778233773,uncommon,6.803413778233773,,peak_abundance_with_occupancy_days_modifiers,0.6392
blueth,KZ,0.16264465298336114,0.1436570037013179,0.1766185075166057,breeding,0.316182491222335,0.2285959161061531,0.2801257594935556,105.0,31.6182491222335,0.0678280885860178,uncommon,6.78280885860178,,peak_abundance_with_occupancy_days_modifiers,0.316182491222335
comred1,KZ,0.16240430426802488,0.14523380581356102,0.1763357427523184,breeding,0.2474802734790341,0.2380690845395667,0.205616226825918,112.0,24.74802734790341,0.06772785538648537,uncommon,6.772785538648537,,peak_abundance_with_occupancy_days_modifiers,0.2474802734790341
comred,KZ,0.16240430426802488,0.14523380581356102,0.1763357427523184,breeding,0.2474802734790341,0.2380690845395667,0.205616226825918,112.0,24.74802734790341,0.06772785538648537,uncommon,6.772785538648537,,peak_abundance_with_occupancy_days_modifiers,0.2474802734790341
eargre,KZ,0.1602278679093395,0.09470036521859615,0.1737783069294471,breeding,0.1053693227206303,0.2346367770838477,0.1821582861121554,91.0,10.53693227206303,0.06682021092704013,uncommon,6.682021092704013,,peak_abundance_with_occupancy_days_modifiers,0.1053693227206303
trepip,KZ,0.16010914287637704,0.0935151988129455,0.1736389583335133,prebreeding_migration,0.6697741832813978,0.1038245219595083,0.0798957894739981,70.0,66.97741832813978,0.06677069874262187,uncommon,6.6770698742621875,,peak_abundance_with_occupancy_days_modifiers,0.6697741832813978
corplo,KZ,0.15737088926641088,0.1582614381213645,0.1704296331974312,postbreeding_migration,0.1324740430234473,0.1011910086357154,0.2012158540445527,63.0,13.247404302344732,0.06562875829133162,uncommon,6.562875829133162,,peak_abundance_with_occupancy_days_modifiers,0.1324740430234473
rutscr1,KZ,0.15389392990591058,0.15288575823225994,0.1663671635421081,breeding,0.4478418099586875,0.1713116684013302,0.1539055956585129,28.0,44.78418099586875,0.06417875361433718,rare,6.417875361433718,rare,peak_abundance_with_occupancy_days_modifiers,0.4478418099586875
spofly1,KZ,0.15048683327393608,0.10996666666666666,0.1624,postbreeding_migration,0.9099,0.1293,0.0732,112.0,90.99000000000001,0.06275788395809136,uncommon,6.275788395809136,,peak_abundance_with_occupancy_days_modifiers,0.9099
legshr2,KZ,0.14673589108628077,0.1223484928152531,0.1580480718190529,prebreeding_migration,0.5396361381570641,0.2980457021840104,0.2572299806932526,63.0,53.96361381570641,0.061193619567479415,uncommon,6.119361956747942,,peak_abundance_with_occupancy_days_modifiers,0.5396361381570641
temsti,KZ,0.1467249575938259,0.13883666333448308,0.1580354103784143,prebreeding_migration,0.416921258191288,0.1880003378438315,0.1775850645055785,56.0,41.6921258191288,0.06118905994697433,uncommon,6.118905994697433,,peak_abundance_with_occupancy_days_modifiers,0.416921258191288
colpra,KZ,0.14669484857960238,0.14892486374093605,0.1580005435986767,breeding,0.2207065966574293,0.1055361574718318,0.0837483681432086,42.0,22.07065966574293,0.06117650351276927,uncommon,6.117650351276927,,peak_abundance_with_occupancy_days_modifiers,0.2207065966574293
rebshr1,KZ,0.14362544855201537,0.0795763618819962,0.1544516260083436,postbreeding_migration,0.3656837467236639,0.0912946949903601,0.0376101026295963,63.0,36.56837467236639,0.05989646427902706,uncommon,5.989646427902706,,peak_abundance_with_occupancy_days_modifiers,0.3656837467236639
yellow2,KZ,0.14036457726363652,0.07535043889567697,0.1506932389857687,postbreeding_migration,0.1363954411262419,0.0112766618759024,0.008886541686546,49.0,13.639544112624192,0.05853657532750772,uncommon,5.8536575327507725,,peak_abundance_with_occupancy_days_modifiers,0.1363954411262419
tufduc,KZ,0.13593042193705313,0.11156169136619044,0.1456021820410721,postbreeding_migration,0.0622962526882696,0.1812161085366697,0.0824831772701926,91.0,6.229625268826959,0.05668738892771607,uncommon,5.668738892771607,,peak_abundance_with_occupancy_days_modifiers,0.0622962526882696
lirplo,KZ,0.12999185483018166,0.11179578003994062,0.1388191074118227,prebreeding_migration,0.2845532671584724,0.1775381337353077,0.134844374138191,98.0,28.45532671584724,0.054210814085504155,uncommon,5.421081408550416,,peak_abundance_with_occupancy_days_modifiers,0.2845532671584724
eursis,KZ,0.12451587469756757,0.038349999999999995,0.1326,postbreeding_migration,0.9925,0.1053,0.0196,112.0,99.25,0.05192715299540842,uncommon,5.192715299540842,,peak_abundance_with_occupancy_days_modifiers,0.9925
eurrob1,KZ,0.12410323538531945,0.06669056201820335,0.132132741126268,postbreeding_migration,0.1852363710948699,0.0104629000024687,0.0056195621730166,35.0,18.52363710948699,0.05175506903622593,uncommon,5.175506903622593,,peak_abundance_with_occupancy_days_modifiers,0.1852363710948699
grnsan,KZ,0.1226197346061751,0.06506744604205185,0.1304544664913686,prebreeding_migration,0.7178554264028619,0.1115329524055311,0.0940347796954666,175.0,71.7855426402862,0.05113640115861958,uncommon,5.113640115861958,,peak_abundance_with_occupancy_days_modifiers,0.7178554264028619
gadwal,KZ,0.1224722228540415,0.1027724362884096,0.1302877234708891,postbreeding_migration,0.0498108248889006,0.0936397166542531,0.0424608462923987,77.0,4.981082488890061,0.05107488397986412,rare,5.107488397986412,rare,peak_abundance_with_occupancy_days_modifiers,0.0498108248889006
tawpip1,KZ,0.1147562372981886,0.10323333333333333,0.1216,postbreeding_migration,0.9153,0.3031,0.3231,42.0,91.53,0.04785706807131185,uncommon,4.785706807131184,,peak_abundance_with_occupancy_days_modifiers,0.9153
kenplo1,KZ,0.11464730381625786,0.07319364072558783,0.12147782686116,prebreeding_migration,0.1438362694923401,0.1821708746442173,0.0972914316943754,49.0,14.38362694923401,0.04781163928083614,uncommon,4.781163928083614,,peak_abundance_with_occupancy_days_modifiers,0.1438362694923401
clrwar1,KZ,0.11413193404491262,0.07146666666666666,0.1209,prebreeding_migration,0.4622,,,,46.22,0.047596713392624265,uncommon,4.759671339262426,,peak_abundance_with_occupancy_days_modifiers,0.4622
eurbla,KZ,0.10850226399770724,0.05075421079184993,0.1146074320041552,nonbreeding,0.1159034498990759,0.0125587294268956,0.0064543768053718,105.0,11.59034498990759,0.04524895862990877,uncommon,4.524895862990877,,peak_abundance_with_occupancy_days_modifiers,0.1159034498990759
blkter,KZ,0.1077947740726222,0.08755371194622347,0.1138191373637266,breeding,0.1805740857859799,0.1749198675620002,0.0706412141564344,35.0,18.05740857859799,0.04495391241454194,uncommon,4.495391241454194,,peak_abundance_with_occupancy_days_modifiers,0.1805740857859799
ortbun1,KZ,0.10465909672205768,0.0903593042001627,0.110332030001098,prebreeding_migration,0.6900313313291048,0.1883130803943134,0.148805949733005,63.0,69.00313313291048,0.043646233390301194,uncommon,4.3646233390301195,,peak_abundance_with_occupancy_days_modifiers,0.6900313313291048
monhar1,KZ,0.10417729185732197,0.0631871435063339,0.1097971954808546,postbreeding_migration,0.4585907085058651,0.1842327616910228,0.2017482542464357,70.0,45.859070850586505,0.04344530515536062,uncommon,4.344530515536062,,peak_abundance_with_occupancy_days_modifiers,0.4585907085058651
eurgol,KZ,0.10255658832509207,0.09204999999999999,0.108,nonbreeding,0.3162,0.1195,0.0294,210.0,31.619999999999997,0.04276941928552512,uncommon,4.276941928552512,,peak_abundance_with_occupancy_days_modifiers,0.3162
gubter2,KZ,0.10254712678144083,0.08273588361922506,0.1079895166592288,prebreeding_migration,0.1934036996151262,0.3032565330076388,0.2521831933516427,42.0,19.34036996151262,0.042765473515349664,uncommon,4.276547351534966,,peak_abundance_with_occupancy_days_modifiers,0.1934036996151262
eurcur,KZ,0.10252011035037387,0.044278786240324934,0.1079595831411793,prebreeding_migration,0.0757184571972973,0.0061729274486917,0.0069456516493702,21.0,7.571845719729731,0.04275420678849402,rare,4.275420678849402,rare,peak_abundance_with_occupancy_days_modifiers,0.0757184571972973
misthr1,KZ,0.10198447698738523,0.0871942253166693,0.1073662819337514,breeding,0.1678440363236435,0.0222882802396812,0.0427197908208364,112.0,16.78440363236435,0.04253083032620024,uncommon,4.253083032620024,,peak_abundance_with_occupancy_days_modifiers,0.1678440363236435
norhar1,KZ,0.09996763266097966,0.08264412833863506,0.1051351472127738,postbreeding_migration,0.5912451939880351,0.110103576356715,0.1363778892292568,84.0,59.12451939880351,0.04168974091362891,uncommon,4.168974091362891,,peak_abundance_with_occupancy_days_modifiers,0.5912451939880351
whoswa,KZ,0.0983652571096099,0.0525554387251458,0.103365723691015,breeding,0.0839142907400576,0.1154394135058241,0.1355321100990079,112.0,8.39142907400576,0.04102149840548148,uncommon,4.102149840548148,,peak_abundance_with_occupancy_days_modifiers,0.0839142907400576
pieavo1,KZ,0.09716816517163887,0.08627382981128855,0.10204568374078,breeding,0.0956784225570808,0.1503153928430358,0.1330360003897157,77.0,9.56784225570808,0.04052227229183469,uncommon,4.052227229183469,,peak_abundance_with_occupancy_days_modifiers,0.0956784225570808
boowar1,KZ,0.09603718819694217,0.0948,0.1008,breeding,0.7071,0.2839,0.372,49.0,70.71,0.04005061825943119,uncommon,4.005061825943119,,peak_abundance_with_occupancy_days_modifiers,0.7071
comhom1,KZ,0.09341631925818403,0.06756968986972305,0.0979187248437742,breeding,0.1126589498068337,0.0162946263860644,0.0097477646215083,70.0,11.26589498068337,0.03895763101829139,uncommon,3.895763101829139,,peak_abundance_with_occupancy_days_modifiers,0.1126589498068337
whimbr,KZ,0.09081381343948323,0.095065099872346,0.095065099872346,prebreeding_migration,0.2550445202622172,0.0392586799400781,0.0217824896500406,28.0,25.50445202622172,0.03787230179302302,rare,3.787230179302302,rare,peak_abundance_with_occupancy_days_modifiers,0.2550445202622172
marsan,KZ,0.08915583892406041,0.0511461212006803,0.0932510141135657,breeding,0.2531024828149033,0.4684897587601658,0.495201410345536,42.0,25.310248281490328,0.03718087271593578,uncommon,3.718087271593578,,peak_abundance_with_occupancy_days_modifiers,0.2531024828149033
cowpig1,KZ,0.08557105624764234,0.08096378346270637,0.0893389629332165,postbreeding_migration,0.089706266129181,0.0336958680913621,0.0077463144056934,105.0,8.970626612918101,0.03568590222365295,uncommon,3.568590222365295,,peak_abundance_with_occupancy_days_modifiers,0.089706266129181
sonthr1,KZ,0.08491324254755628,0.044809577036965455,0.0886226164764495,postbreeding_migration,0.2655437543112669,0.0276447562967685,0.0098990421330757,35.0,26.554375431126694,0.03541157260319442,uncommon,3.541157260319442,,peak_abundance_with_occupancy_days_modifiers,0.2655437543112669
palhar1,KZ,0.08351360022781763,0.058825,0.0871,prebreeding_migration,0.8856,0.1485,0.3287,105.0,88.56,0.03482787641945525,uncommon,3.482787641945525,,peak_abundance_with_occupancy_days_modifiers,0.8856
eugori2,KZ,0.08306946187598666,0.03630703711931694,0.0866172844019146,prebreeding_migration,0.4880545202165804,0.1239148560003966,0.0865011360060137,42.0,48.80545202165804,0.03464265634046798,uncommon,3.4642656340467983,,peak_abundance_with_occupancy_days_modifiers,0.4880545202165804
grewar3,KZ,0.08250122151174369,0.05063333333333333,0.086,prebreeding_migration,0.8836,0.1655,0.1785,91.0,88.36,0.03440568170246397,uncommon,3.440568170246397,,peak_abundance_with_occupancy_days_modifiers,0.8836
eutspa,KZ,0.07970020823253705,0.0829623558056751,0.0829623558056751,resident,0.047189031530514,0.0123384776679719,0.0035454153160116,365.0,4.7189031530514,0.03323756843622534,rare,3.3237568436225344,rare,peak_abundance_with_occupancy_days_modifiers,0.047189031530514
eurnig1,KZ,0.07897803622981185,0.05274033204209377,0.0821805530443178,prebreeding_migration,0.6813616454784316,0.1486397478883098,0.2268092482062809,35.0,68.13616454784317,0.0329363993189092,uncommon,3.29363993189092,,peak_abundance_with_occupancy_days_modifiers,0.6813616454784316
padwar1,KZ,0.07871875471139067,0.06763333333333334,0.0819,prebreeding_migration,0.5921,,,,59.209999999999994,0.03282827052722994,uncommon,3.282827052722994,,peak_abundance_with_occupancy_days_modifiers,0.5921
comsan,KZ,0.07863265544466884,0.044394294825411205,0.0818068532133262,postbreeding_migration,0.2755108264310422,0.0646541647102563,0.0649363773047656,98.0,27.55108264310422,0.03279236434412905,uncommon,3.279236434412905,,peak_abundance_with_occupancy_days_modifiers,0.2755108264310422
combuz1,KZ,0.07721105552692138,0.03203170623737532,0.0802700492987553,postbreeding_migration,0.2102423954844032,0.0371203031618931,0.0107197262307096,63.0,21.02423954844032,0.03219951113078232,uncommon,3.219951113078232,,peak_abundance_with_occupancy_days_modifiers,0.2102423954844032
norpin,KZ,0.07349054282277982,0.04260029025728313,0.0762583582577336,postbreeding_migration,0.0234337855826216,0.0660840471021196,0.0223723425464282,63.0,2.34337855826216,0.030647936820449865,rare,3.0647936820449866,rare,peak_abundance_with_occupancy_days_modifiers,0.0234337855826216
fieldf,KZ,0.07306457085700514,0.037200000000000004,0.0758,postbreeding_migration,0.0655,0.0083,0.0019,77.0,6.550000000000001,0.030470292712883183,uncommon,3.0470292712883182,,peak_abundance_with_occupancy_days_modifiers,0.0655
horlar,KZ,0.0717231140807109,0.0425334756096104,0.0743578283218142,postbreeding_migration,0.0348126820652758,0.0024313214032567,0.0016811738466519,56.0,3.4812682065275804,0.02991086178547292,rare,2.9910861785472918,rare,peak_abundance_with_occupancy_days_modifiers,0.0348126820652758
comsni,KZ,0.06632085893703424,0.03838504279795547,0.0685695222480709,postbreeding_migration,0.2836854670581833,0.0810373723363845,0.0685686874372354,91.0,28.368546705818332,0.02765794640382148,uncommon,2.765794640382148,,peak_abundance_with_occupancy_days_modifiers,0.2836854670581833
eurlin1,KZ,0.06516292669291032,0.0421282465564463,0.0673329072395396,breeding,0.1102748139289878,0.0120108985382137,0.0078939543881176,70.0,11.02748139289878,0.027175051150947274,uncommon,2.7175051150947276,,peak_abundance_with_occupancy_days_modifiers,0.1102748139289878
wlwwar,KZ,0.06480492429311836,0.0596809586218923,0.0669508678869538,prebreeding_migration,0.2206924919632712,0.0195679774893271,0.0131112653825535,49.0,22.06924919632712,0.02702575255402635,uncommon,2.702575255402635,,peak_abundance_with_occupancy_days_modifiers,0.2206924919632712
whisto1,KZ,0.063553169745395,0.022841116481881533,0.0656161428342368,postbreeding_migration,0.0196831229056031,0.0004992425862407128,0.000682808300382332,7.0,1.96831229056031,0.026503730361513125,very_rare,2.6503730361513123,very_rare,peak_abundance_with_occupancy_days_modifiers,0.0196831229056031
greegr,KZ,0.06314800044108144,0.051511584787302424,0.0651844753380942,postbreeding_migration,0.048247990327047,0.0330067621181765,0.0128921150304394,133.0,4.8247990327047,0.026334761637603527,rare,2.6334761637603528,rare,peak_abundance_with_occupancy_days_modifiers,0.048247990327047
houspa,KZ,0.062330870962262135,0.0643144372182229,0.0643144372182229,resident,0.1293190099275121,0.0240872230637668,0.0021351673617431,365.0,12.93190099275121,0.025993992176948307,uncommon,2.5993992176948306,,peak_abundance_with_occupancy_days_modifiers,0.1293190099275121
grsplo,KZ,0.06222334318013187,0.03816666666666666,0.0642,breeding,0.1696,0.232,0.1535,70.0,16.96,0.025949149608821977,uncommon,2.5949149608821975,,peak_abundance_with_occupancy_days_modifiers,0.1696
commoo3,KZ,0.061565355658154824,0.04225,0.0635,breeding,0.3841,0.0913,0.0366,168.0,38.41,0.02567474749900452,uncommon,2.5674747499004518,,peak_abundance_with_occupancy_days_modifiers,0.3841
grewhi1,KZ,0.06114149801011627,0.043973522922198305,0.063049322909524,breeding,0.1327763266752485,0.0447535701529099,0.029279691909032,56.0,13.27763266752485,0.025497985130419554,uncommon,2.5497985130419556,,peak_abundance_with_occupancy_days_modifiers,0.1327763266752485
tersan,KZ,0.0605938991973419,0.03130329420730742,0.0624673577186445,prebreeding_migration,0.1196042239653246,0.3840813487674647,0.3211456129159226,35.0,11.96042239653246,0.025269618687987223,uncommon,2.5269618687987223,,peak_abundance_with_occupancy_days_modifiers,0.1196042239653246
sedwar1,KZ,0.06034222900616173,0.038233333333333334,0.0622,prebreeding_migration,0.4266,,,,42.66,0.02516466406630916,uncommon,2.516466406630916,,peak_abundance_with_occupancy_days_modifiers,0.4266
leskes1,KZ,0.060015258313310865,0.051889272159193124,0.0618527485036787,breeding,0.272693134202257,0.1115656213685692,0.0763422126744776,63.0,27.2693134202257,0.025028306696343875,uncommon,2.5028306696343874,,peak_abundance_with_occupancy_days_modifiers,0.272693134202257
eurcrm1,KZ,0.057935894442918155,0.05214830098965255,0.0596470642675543,breeding,0.1068349589042635,0.0251644826034236,0.0225347388784881,84.0,10.68349589042635,0.0241611446088329,uncommon,2.41611446088329,,peak_abundance_with_occupancy_days_modifiers,0.1068349589042635
comnig1,KZ,0.05726011445436995,0.0585245878756601,0.0589312178911691,prebreeding_migration,0.135256773812958,0.0643419098076071,0.0424045393138208,42.0,13.5256773812958,0.02387932246413198,uncommon,2.387932246413198,,peak_abundance_with_occupancy_days_modifiers,0.135256773812958
eurwar1,KZ,0.05725184092602867,0.031569667384238866,0.0589224568299689,breeding,0.1623574406251026,0.0472958022453676,0.065038841000296,35.0,16.23574406251026,0.023875872134822267,uncommon,2.387587213482227,,peak_abundance_with_occupancy_days_modifiers,0.1623574406251026
commyn,KZ,0.056418996103978346,0.0580409058933676,0.0580409058933676,resident,0.0413124807932916,0.0106107498175302,0.0042465168541099,365.0,4.1312480793291595,0.023528548866997293,rare,2.3528548866997294,rare,peak_abundance_with_occupancy_days_modifiers,0.0413124807932916
spored,KZ,0.05268732227900646,0.021875,0.0541,postbreeding_migration,0.8112,0.1773,0.0923,140.0,81.12,0.021972320007754047,uncommon,2.1972320007754047,,peak_abundance_with_occupancy_days_modifiers,0.8112
reffal1,KZ,0.0515482618805766,0.03685,0.0529,prebreeding_migration,0.513,0.4071,0.4888,56.0,51.300000000000004,0.021497294925820157,uncommon,2.149729492582016,,peak_abundance_with_occupancy_days_modifiers,0.513
purher1,KZ,0.05143846797759193,0.032106653494265135,0.0527844043455126,breeding,0.1340874825991832,0.0486752157162473,0.0552519220934433,56.0,13.40874825991832,0.021451507311894664,uncommon,2.1451507311894664,,peak_abundance_with_occupancy_days_modifiers,0.1340874825991832
chukar,KZ,0.051207606012753294,0.0525413845224702,0.0525413845224702,resident,0.0992023416368978,0.032876801775552,0.0462200317108275,365.0,9.92023416368978,0.021355230394609143,uncommon,2.135523039460914,,peak_abundance_with_occupancy_days_modifiers,0.0992023416368978
grywag,KZ,0.04992800044782563,0.045597092534552,0.0511954080526665,postbreeding_migration,0.1793467988525343,0.0306788029103122,0.0248324126503981,84.0,17.93467988525343,0.020821593425787533,uncommon,2.0821593425787532,,peak_abundance_with_occupancy_days_modifiers,0.1793467988525343
litter1,KZ,0.049503394780233405,0.0478519394076789,0.0507491592712458,prebreeding_migration,0.0682177305614695,0.1573302786668351,0.1241714709687458,70.0,6.82177305614695,0.02064451910881933,uncommon,2.064451910881933,,peak_abundance_with_occupancy_days_modifiers,0.0682177305614695
pygcor2,KZ,0.04888539772981063,0.031,0.0501,breeding,0.0847,0.3159,0.2434,14.0,8.469999999999999,0.02038679432098836,rare,2.038679432098836,rare,peak_abundance_with_occupancy_days_modifiers,0.0847
eurwig,KZ,0.0487387765762174,0.04228926636754987,0.0499460444134604,prebreeding_migration,0.0854280963391343,0.0767311737689786,0.024467660754813,77.0,8.54280963391343,0.020325648550671937,rare,2.0325648550671938,,peak_abundance_with_occupancy_days_modifiers,0.0854280963391343
rebfly,KZ,0.048313860278550634,0.0257,0.0495,postbreeding_migration,0.5002,0.125,0.1954,119.0,50.019999999999996,0.020148444690900907,rare,2.014844469090091,,peak_abundance_with_occupancy_days_modifiers,0.5002
whinch1,KZ,0.04821857227047433,0.03495,0.0494,postbreeding_migration,0.3316,0.0299,0.0573,105.0,33.160000000000004,0.020108706505018715,rare,2.0108706505018716,,peak_abundance_with_occupancy_days_modifiers,0.3316
rudtur,KZ,0.0451978454112779,0.03509271719563475,0.0462348321944521,postbreeding_migration,0.085912549215797,0.0161641010727136,0.0115317956639793,35.0,8.591254921579699,0.018848965559088632,rare,1.8848965559088633,,peak_abundance_with_occupancy_days_modifiers,0.085912549215797
grypar,KZ,0.04406759899957598,0.0450529970378512,0.0450529970378512,resident,0.2399203526607129,0.0830370881991133,0.0390909533275838,365.0,23.99203526607129,0.018377616195117918,rare,1.8377616195117918,,peak_abundance_with_occupancy_days_modifiers,0.2399203526607129
sykwar2,KZ,0.042867900227175806,0.043649999999999994,0.0438,breeding,0.4128,0.3674,0.4416,70.0,41.28,0.01787730294707514,rare,1.7877302947075142,,peak_abundance_with_occupancy_days_modifiers,0.4128
grrwar1,KZ,0.04149676046761913,0.0333106444972563,0.0423697850553323,breeding,0.0856277912878869,0.1153529561478956,0.0891039894858065,42.0,8.56277912878869,0.017305493254170367,rare,1.7305493254170368,,peak_abundance_with_occupancy_days_modifiers,0.0856277912878869
comred2,KZ,0.04016310220218004,0.0176729559822876,0.0409805465664594,prebreeding_migration,0.5147527381304109,0.0946282812128656,0.0387063268488992,63.0,51.47527381304109,0.016749314558391574,rare,1.6749314558391575,,peak_abundance_with_occupancy_days_modifiers,0.5147527381304109
oricuc2,KZ,0.039998865979563876,0.03111416484176195,0.0408095938923694,prebreeding_migration,0.1643139950507348,0.0134308990357608,0.0113271392639617,7.0,16.43139950507348,0.016680822733715444,very_rare,1.6680822733715444,very_rare,peak_abundance_with_occupancy_days_modifiers,0.1643139950507348
impeag1,KZ,0.039893563661676665,0.015525,0.0407,postbreeding_migration,0.9261,0.0201,0.0225,63.0,92.61,0.016636908256264415,rare,1.6636908256264415,,peak_abundance_with_occupancy_days_modifiers,0.9261
cinvul1,KZ,0.038808939021230705,0.032007359759373404,0.0395718430606932,postbreeding_migration,0.1456725930540683,0.0522267909815747,0.0251261727694286,105.0,14.567259305406829,0.01618458464866162,rare,1.618458464866162,,peak_abundance_with_occupancy_days_modifiers,0.1456725930540683
eurspa1,KZ,0.038434685461412106,0.023019159850778,0.039182852392852,postbreeding_migration,0.4065432565330522,0.1010718182295265,0.0794970634034042,119.0,40.654325653305214,0.016028508791611367,rare,1.6028508791611367,,peak_abundance_with_occupancy_days_modifiers,0.4065432565330522
blared1,KZ,0.03530226724690431,0.026963599641047567,0.0359327900325594,postbreeding_migration,0.1395944723257222,0.0063526515959753,0.0038834265000573,42.0,13.95944723257222,0.014722188932674367,rare,1.4722188932674367,,peak_abundance_with_occupancy_days_modifiers,0.1395944723257222
gretit1,KZ,0.03520958392057817,0.0358367807850258,0.0358367807850258,resident,0.0851319020747335,0.0208458096956653,0.0035351498246916,365.0,8.51319020747335,0.014683536983451373,rare,1.4683536983451373,,peak_abundance_with_occupancy_days_modifiers,0.0851319020747335
comqua1,KZ,0.033845174176699244,0.023249900222401063,0.0344244387139992,breeding,0.3493293470692857,0.1518711457548516,0.0697216272995583,70.0,34.93293470692857,0.014114533925079007,rare,1.4114533925079007,,peak_abundance_with_occupancy_days_modifiers,0.3493293470692857
euptit1,KZ,0.03324133377980188,0.03095,0.0338,postbreeding_migration,0.1903,,,,19.03,0.013862712920322382,rare,1.3862712920322382,,peak_abundance_with_occupancy_days_modifiers,0.1903
egyvul1,KZ,0.03254091192275351,0.019104337377071533,0.033076157411361,postbreeding_migration,0.0502593212633888,0.0256676992213177,0.0105903613045477,98.0,5.02593212633888,0.01357061431827164,rare,1.357061431827164,,peak_abundance_with_occupancy_days_modifiers,0.0502593212633888
litbus1,KZ,0.030576265105139947,0.031048520074167,0.031048520074167,breeding,0.1742760279177717,0.4340069202881107,0.4161197760069668,42.0,17.42760279177717,0.012751292957618258,rare,1.2751292957618259,,peak_abundance_with_occupancy_days_modifiers,0.1742760279177717
shteag1,KZ,0.029410855331399404,0.011988268919970934,0.0298476259544632,postbreeding_migration,0.2810379618494293,0.0403615533690323,0.0512871023555404,35.0,28.10379618494293,0.012265279332686,rare,1.2265279332686,,peak_abundance_with_occupancy_days_modifiers,0.2810379618494293
litgul,KZ,0.028400198110265708,0.0288073287950921,0.0288073287950921,postbreeding_migration,0.0148051917667871,0.0083710838094297,0.0312434486021283,49.0,1.48051917667871,0.011843802534846456,rare,1.1843802534846455,,peak_abundance_with_occupancy_days_modifiers,0.0148051917667871
blutit,KZ,0.02764069727864488,0.028026245427575,0.028026245427575,resident,0.2322717252984538,0.0202671278634175,0.0018977189198844,365.0,23.22717252984538,0.011527066086746945,rare,1.1527066086746944,,peak_abundance_with_occupancy_days_modifiers,0.2322717252984538
goldcr1,KZ,0.027484610395564494,0.015626784008465625,0.0278657965375107,nonbreeding,0.0364413230142494,0.0033959815944993,0.0031430774425173,63.0,3.6441323014249396,0.011461972800625938,rare,1.1461972800625937,,peak_abundance_with_occupancy_days_modifiers,0.0364413230142494
bohwax,KZ,0.026186875846187323,0.01364976209952174,0.0265327647290191,postbreeding_migration,0.0168811084737624,0.0017428498034566,0.0015233550438074,7.0,1.68811084737624,0.010920775458065293,very_rare,1.0920775458065293,very_rare,peak_abundance_with_occupancy_days_modifiers,0.0168811084737624
grwpel1,KZ,0.025978105383482705,0.0153587720039325,0.0263184773779582,prebreeding_migration,0.0184046895253548,0.027447449011362,0.0041951660967287,35.0,1.84046895253548,0.010833711412744845,rare,1.0833711412744844,,peak_abundance_with_occupancy_days_modifiers,0.0184046895253548
rebcho1,KZ,0.025960101669531634,0.0263,0.0263,resident,0.0194,0.0105,0.0096,365.0,1.94,0.010826203280861342,rare,1.0826203280861342,,peak_abundance_with_occupancy_days_modifiers,0.0194
cetwar1,KZ,0.024931917762792445,0.0252453171533926,0.0252453171533926,breeding,0.1442156326917907,0.1051920743303563,0.0522080487729897,77.0,14.42156326917907,0.010397417287409987,rare,1.0397417287409987,,peak_abundance_with_occupancy_days_modifiers,0.1442156326917907
litowl1,KZ,0.023519280913274286,0.0237980403175559,0.0237980403175559,resident,0.280370259307859,0.0433209642341209,0.0303767253518379,365.0,28.0370259307859,0.009808301963841425,rare,0.9808301963841425,,peak_abundance_with_occupancy_days_modifiers,0.280370259307859
shikra1,KZ,0.022250608934819758,0.010724999999999998,0.0225,breeding,0.3795,,,,37.95,0.00927922465473357,rare,0.927922465473357,,peak_abundance_with_occupancy_days_modifiers,0.3795
barwar1,KZ,0.022054990780831327,0.010833333333333334,0.0223,prebreeding_migration,0.6376,0.1753,0.1702,28.0,63.75999999999999,0.009197645548169788,rare,0.9197645548169788,,peak_abundance_with_occupancy_days_modifiers,0.6376
sander,KZ,0.022012644103828267,0.011644602862276749,0.022256709908702,prebreeding_migration,0.0743907963379248,0.0158887559531434,0.0029782382499225,14.0,7.439079633792479,0.009179985612190378,rare,0.9179985612190378,,peak_abundance_with_occupancy_days_modifiers,0.0743907963379248
retpip,KZ,0.021761491781512692,0.0138,0.022,prebreeding_migration,0.3579,,,,35.79,0.009075246958603327,rare,0.9075246958603327,,peak_abundance_with_occupancy_days_modifiers,0.3579
rtrthr1,KZ,0.021739230854277664,0.021221061487592636,0.0219772495855894,postbreeding_migration,0.1411587501750665,0.0467890362722785,0.0521507880626763,77.0,14.11587501750665,0.00906596343088319,rare,0.906596343088319,,peak_abundance_with_occupancy_days_modifiers,0.1411587501750665
caster1,KZ,0.02173115662472585,0.012623625569932522,0.0219689979399924,breeding,0.0348880327979054,0.0809948078470403,0.0818199861337724,56.0,3.48880327979054,0.009062596215624276,rare,0.9062596215624277,,peak_abundance_with_occupancy_days_modifiers,0.0348880327979054
ferduc,KZ,0.021602360884132196,0.016773046987670633,0.0218373811620611,breeding,0.0389471840952868,0.0664937094947877,0.1081613607170525,70.0,3.8947184095286804,0.009008884219919258,rare,0.9008884219919258,,peak_abundance_with_occupancy_days_modifiers,0.0389471840952868
coatit2,KZ,0.021355152334684525,0.0215848054460171,0.0215848054460171,resident,0.0627117654855765,0.0073111914875958,0.0043160361391939,365.0,6.27117654855765,0.00890579024736254,rare,0.890579024736254,,peak_abundance_with_occupancy_days_modifiers,0.0627117654855765
alpswi1,KZ,0.020749671300847105,0.017501784012920237,0.0209664424442892,prebreeding_migration,0.0503639467609855,0.0181438883585164,0.0216506885407896,56.0,5.03639467609855,0.008653285043859338,rare,0.8653285043859338,,peak_abundance_with_occupancy_days_modifiers,0.0503639467609855
comgol,KZ,0.02074395010200625,0.012714104368227098,0.0209606013089713,breeding,0.0180696750177894,0.0021462485958767,0.0033473410580126,14.0,1.80696750177894,0.008650899118624935,rare,0.8650899118624935,,peak_abundance_with_occupancy_days_modifiers,0.0180696750177894
norshr1,KZ,0.020390689647734026,0.01845,0.0206,nonbreeding,0.277,,,,27.700000000000003,0.008503578066584123,rare,0.8503578066584123,,peak_abundance_with_occupancy_days_modifiers,0.277
yebcho1,KZ,0.02009670169912241,0.0203,0.0203,resident,0.0077,0.0178,0.0225,365.0,0.77,0.008380975569324727,very_rare,0.8380975569324727,very_rare,peak_abundance_with_occupancy_days_modifiers,0.0077
comgre,KZ,0.019848464031809024,0.010505613223281416,0.0200467545418715,prebreeding_migration,0.0891820875015884,0.044783005930486,0.0315833921439769,126.0,8.91820875015884,0.00827745242128343,rare,0.8277452421283429,,peak_abundance_with_occupancy_days_modifiers,0.0891820875015884
bahgoo,KZ,0.01960652963891831,0.012433333333333336,0.0198,breeding,0.0168,,,,1.68,0.008176557942848484,rare,0.8176557942848485,,peak_abundance_with_occupancy_days_modifiers,0.0168
eurbul,KZ,0.019312311032372815,0.0104,0.0195,prebreeding_migration,0.0368,,,,3.6799999999999997,0.00805385925375932,rare,0.8053859253759321,,peak_abundance_with_occupancy_days_modifiers,0.0368
litegr,KZ,0.019301824844050904,0.009952593063808322,0.0194893093870578,breeding,0.0137243868548035,0.00039898267489604,0.00028690716453571186,0.0,1.37243868548035,0.008049486173566494,very_rare,0.8049486173566495,very_rare,peak_abundance_with_occupancy_days_modifiers,0.0137243868548035
whhduc1,KZ,0.019116117192230053,0.01186666666666667,0.0193,prebreeding_migration,0.0734,0.6269,0.5125,35.0,7.340000000000001,0.007972040067421885,rare,0.7972040067421885,,peak_abundance_with_occupancy_days_modifiers,0.0734
goleag,KZ,0.018748365215170672,0.0164942078817885,0.0189252193271739,postbreeding_migration,0.0891405587401826,0.0118923272732588,0.0200266918091282,119.0,8.91405587401826,0.007818675580977754,rare,0.7818675580977754,,peak_abundance_with_occupancy_days_modifiers,0.0891405587401826
eucdov,KZ,0.018420525718375852,0.018591230146412,0.018591230146412,resident,0.048928770563746,0.0077480975994586,0.0011650775525701,365.0,4.8928770563746,0.007681955891626094,rare,0.7681955891626094,,peak_abundance_with_occupancy_days_modifiers,0.048928770563746
blwthr1,KZ,0.018334842674510347,0.014272473834197366,0.0185039578882881,breeding,0.0598252051896636,0.0083715510990662,0.0091428983662487,84.0,5.98252051896636,0.007646223286938407,rare,0.7646223286938407,,peak_abundance_with_occupancy_days_modifiers,0.0598252051896636
eurwry,KZ,0.018085970359604728,0.008015604407250167,0.0182505119896898,prebreeding_migration,0.4190789539638525,0.0907874442676824,0.0434726915769539,35.0,41.90789539638525,0.007542435470294018,rare,0.7542435470294018,,peak_abundance_with_occupancy_days_modifiers,0.4190789539638525
loeowl,KZ,0.017306705144775718,0.0080942657829806,0.0174573338739102,nonbreeding,0.063924075947936,0.0191202910395808,0.0179577707591446,63.0,6.3924075947936005,0.007217456634200097,rare,0.7217456634200097,,peak_abundance_with_occupancy_days_modifiers,0.063924075947936
stodov1,KZ,0.016955440649413473,0.0088,0.0171,postbreeding_migration,0.0068,,,,0.6799999999999999,0.007070967961676732,very_rare,0.7070967961676732,very_rare,peak_abundance_with_occupancy_days_modifiers,0.0068
eurgri1,KZ,0.016934698021653583,0.015042282185444,0.0170789028921109,breeding,0.0247947033431182,0.0107900266466763,0.0049230619195995,70.0,2.4794703343118196,0.0070623176140176885,rare,0.7062317614017688,,peak_abundance_with_occupancy_days_modifiers,0.0247947033431182
bearee1,KZ,0.01666044089310724,0.0168,0.0168,resident,0.0571,0.1849,0.1478,365.0,5.71,0.006947943507834789,rare,0.6947943507834788,,peak_abundance_with_occupancy_days_modifiers,0.0571
sheowl,KZ,0.016586523332204672,0.0167248434018047,0.0167248434018047,breeding,0.2902124560057676,0.0733822111859145,0.1148802613110396,21.0,29.021245600576762,0.006917117490643414,rare,0.6917117490643414,,peak_abundance_with_occupancy_days_modifiers,0.2902124560057676
booeag1,KZ,0.01580180328446961,0.010519954151308799,0.0159273119945247,postbreeding_migration,0.1725167549796482,0.0450111626572725,0.0385855478876324,84.0,17.25167549796482,0.006589863812537865,rare,0.6589863812537865,,peak_abundance_with_occupancy_days_modifiers,0.1725167549796482
rinphe1,KZ,0.01557246679685949,0.015694349507545,0.015694349507545,resident,0.2404721735191591,0.042016749886272,0.0069922705130746,365.0,24.047217351915908,0.006494223068668987,rare,0.6494223068668986,,peak_abundance_with_occupancy_days_modifiers,0.2404721735191591
bucred1,KZ,0.015195158272684868,0.013464831823969299,0.0153111916604263,postbreeding_migration,0.0423317934309915,0.0987574220616407,0.1267716282303808,77.0,4.23317934309915,0.006336873192527678,rare,0.6336873192527678,,peak_abundance_with_occupancy_days_modifiers,0.0423317934309915
blasto1,KZ,0.01516583986897845,0.0077691100637796,0.0152814247933822,postbreeding_migration,0.1785630345824466,0.040017894004597,0.0370852639360301,49.0,17.85630345824466,0.006324646468517231,rare,0.6324646468517231,,peak_abundance_with_occupancy_days_modifiers,0.1785630345824466
cogwar1,KZ,0.015145253335636004,0.014360023860882351,0.0152605238836181,breeding,0.1698532590044101,0.0920620553982571,0.1070148498502696,42.0,16.98532590044101,0.006316061217286322,rare,0.6316061217286322,,peak_abundance_with_occupancy_days_modifiers,0.1698532590044101
eutdov,KZ,0.015016924340895075,0.0151302448806535,0.0151302448806535,breeding,0.2021744353712301,0.0058377447068923,0.0007405940421160373,7.0,20.21744353712301,0.006262543869720405,very_rare,0.6262543869720405,very_rare,peak_abundance_with_occupancy_days_modifiers,0.2021744353712301
orihob2,KZ,0.014953906630516494,0.0096391296602393,0.0150662757125015,postbreeding_migration,0.2192956350675513,0.0170458387084059,0.0020686453503723,14.0,21.92956350675513,0.0062362634432591955,rare,0.6236263443259196,,peak_abundance_with_occupancy_days_modifiers,0.2192956350675513
eurnut1,KZ,0.01491897481019352,0.0150308182190434,0.0150308182190434,resident,0.0480695820368845,0.0089302600244676,0.0113623004840592,365.0,4.80695820368845,0.006221695742693138,rare,0.6221695742693139,,peak_abundance_with_occupancy_days_modifiers,0.0480695820368845
hawfin,KZ,0.014297304700824425,0.0052,0.0144,prebreeding_migration,0.1666,,,,16.66,0.005962439170305915,rare,0.5962439170305915,,peak_abundance_with_occupancy_days_modifiers,0.1666
lotshr1,KZ,0.014075672383994764,0.007252035128297534,0.0141752010900798,postbreeding_migration,0.04403884886154,0.0032790380489463,0.0021448111209016,28.0,4.403884886154,0.005870011315201537,rare,0.5870011315201538,,peak_abundance_with_occupancy_days_modifiers,0.04403884886154
bkbplo,KZ,0.013912299388173791,0.0140095257829945,0.0140095257829945,prebreeding_migration,0.0632227922237135,0.0098983322008217,0.0018487872214192,21.0,6.322279222371351,0.005801879484060159,rare,0.580187948406016,,peak_abundance_with_occupancy_days_modifiers,0.0632227922237135
himrub1,KZ,0.013824646025486562,0.013387210174307749,0.0139206483335233,breeding,0.0391435477105893,0.0522366055302796,0.0914229100191178,63.0,3.9143547710589304,0.00576532519260234,rare,0.5765325192602341,,peak_abundance_with_occupancy_days_modifiers,0.0391435477105893
grebit1,KZ,0.013516725051051923,0.007536700157696387,0.0136084889621644,breeding,0.1312890419848034,0.1491072178127624,0.1678031758635495,63.0,13.12890419848034,0.005636912172264191,rare,0.5636912172264191,,peak_abundance_with_occupancy_days_modifiers,0.1312890419848034
watpip1,KZ,0.013113639145383103,0.009366666666666667,0.0132,nonbreeding,0.0278,0.066,0.026,42.0,2.78,0.005468812293073767,rare,0.5468812293073767,,peak_abundance_with_occupancy_days_modifiers,0.0278
eursco1,KZ,0.013014937077494654,0.0117,0.0131,breeding,0.4417,0.1914,0.1159,49.0,44.17,0.005427650333663732,rare,0.5427650333663732,,peak_abundance_with_occupancy_days_modifiers,0.4417
comkin1,KZ,0.01202750747042353,0.006908330907388375,0.0121001287975315,postbreeding_migration,0.0393541834742492,0.0224106692858588,0.0108001260355516,49.0,3.9354183474249202,0.005015860203263722,rare,0.5015860203263722,,peak_abundance_with_occupancy_days_modifiers,0.0393541834742492
olbpip,KZ,0.0118297517535772,0.008600000000000002,0.0119,postbreeding_migration,0.1054,0.0157,0.0055,49.0,10.54,0.004933389663749479,rare,0.4933389663749479,,peak_abundance_with_occupancy_days_modifiers,0.1054
comrav,KZ,0.010811532596150237,0.0108701884105173,0.0108701884105173,resident,0.0815732194299954,0.0041781661745435,0.0004900995749035228,365.0,8.157321942999541,0.004508759293533742,rare,0.45087592935337417,,peak_abundance_with_occupancy_days_modifiers,0.0815732194299954
euroys1,KZ,0.010564482370899282,0.0076837183497146,0.0106204835488622,breeding,0.0756120051339139,0.2352774446305266,0.0294783869694342,42.0,7.56120051339139,0.004405731347295392,rare,0.4405731347295392,,peak_abundance_with_occupancy_days_modifiers,0.0756120051339139
burthr,KZ,0.010299359091949511,0.0078711487881007,0.0103525800477865,breeding,0.0749265193750881,0.0103444967911439,0.0104879124303714,28.0,7.49265193750881,0.004295166352252803,rare,0.4295166352252803,,peak_abundance_with_occupancy_days_modifiers,0.0749265193750881
rengre,KZ,0.010298709494131943,0.0103519237251687,0.0103519237251687,prebreeding_migration,0.0434725754606083,0.0488430929427311,0.027575131016196,21.0,4.34725754606083,0.004294895448921475,rare,0.42948954489214747,,peak_abundance_with_occupancy_days_modifiers,0.0434725754606083
rocbun1,KZ,0.01014833105181515,0.00875,0.0102,breeding,0.0484,,,,4.84,0.004232182767503403,rare,0.4232182767503403,,peak_abundance_with_occupancy_days_modifiers,0.0484
lammer1,KZ,0.009947851800561671,0.0099974961599711,0.0099974961599711,resident,0.0631821152352594,0.0136401050729593,0.0094253225964463,365.0,6.318211523525941,0.0041485764259222456,very_rare,0.4148576425922246,,peak_abundance_with_occupancy_days_modifiers,0.0631821152352594
bcnher,KZ,0.009612912201030594,0.0079542597802882,0.0096592646498052,prebreeding_migration,0.0262278788647905,0.0036235150110256,0.0025288165598174,28.0,2.62278788647905,0.004008895763747131,very_rare,0.40088957637471306,,peak_abundance_with_occupancy_days_modifiers,0.0262278788647905
aspfly1,KZ,0.009556917008196305,0.0096027301674286,0.0096027301674286,breeding,0.0195573680835778,0.0029820319607116,0.0033228433486297,14.0,1.95573680835778,0.003985543954571171,very_rare,0.39855439545711707,,peak_abundance_with_occupancy_days_modifiers,0.0195573680835778
litbun,KZ,0.009157937784765627,0.0049,0.0092,prebreeding_migration,0.0351,,,,3.51,0.0038191566948953147,very_rare,0.3819156694895315,,peak_abundance_with_occupancy_days_modifiers,0.0351
twite1,KZ,0.008959741371471904,0.005299999999999999,0.009,postbreeding_migration,0.0216,0.0111,0.007,21.0,2.16,0.003736502370687642,very_rare,0.3736502370687642,,peak_abundance_with_occupancy_days_modifiers,0.0216
watrai1,KZ,0.008067371077758796,0.004475,0.0081,nonbreeding,0.1294,0.1162,0.1419,77.0,12.94,0.0033643550530645483,very_rare,0.33643550530645483,,peak_abundance_with_occupancy_days_modifiers,0.1294
ingori1,KZ,0.00786895837869518,0.005166666666666667,0.0079,breeding,0.0455,0.0354,0.0308,14.0,4.55,0.0032816105306851177,very_rare,0.3281610530685118,,peak_abundance_with_occupancy_days_modifiers,0.0455
brnshr,KZ,0.007622849139541885,0.0076519770194828,0.0076519770194828,prebreeding_migration,0.0258726978300658,0.0007431505519600418,0.0007695634735097476,7.0,2.58726978300658,0.0031789750061293797,very_rare,0.317897500612938,,peak_abundance_with_occupancy_days_modifiers,0.0258726978300658
wiltit1,KZ,0.007472014838700995,0.0075,0.0075,resident,0.0159,0.0058,0.0051,365.0,1.59,0.0031160722169409553,very_rare,0.31160722169409555,,peak_abundance_with_occupancy_days_modifiers,0.0159
horgre,KZ,0.007199566684787468,0.0072255458738898,0.0072255458738898,prebreeding_migration,0.0534390299039653,0.0526793063519301,0.0254781320695171,21.0,5.34390299039653,0.003002452511775294,very_rare,0.3002452511775294,,peak_abundance_with_occupancy_days_modifiers,0.0534390299039653
sibrub,KZ,0.00707491367196188,0.00515,0.0071,prebreeding_migration,0.0558,0.0094,0.0073,35.0,5.58,0.002950468167738402,very_rare,0.2950468167738402,,peak_abundance_with_occupancy_days_modifiers,0.0558
ricpip1,KZ,0.007029650422976085,0.0070544164135848,0.0070544164135848,breeding,0.0835285105256541,0.0177769303912872,0.0061827219984573,28.0,8.352851052565411,0.0029315919267701982,very_rare,0.29315919267701984,,peak_abundance_with_occupancy_days_modifiers,0.0835285105256541
eurgre1,KZ,0.006708093915406113,0.00501053877214365,0.006730643570932,nonbreeding,0.0368218437164901,0.0078014215142317,0.0010930546831912,77.0,3.68218437164901,0.0027974924474402484,very_rare,0.27974924474402485,,peak_abundance_with_occupancy_days_modifiers,0.0368218437164901
litbit1,KZ,0.006638294134620291,0.00473207367839305,0.0066603764450439,breeding,0.0369666906763815,0.0456328736110211,0.0441697510446317,49.0,3.69666906763815,0.0027683836779382534,very_rare,0.2768383677938253,,peak_abundance_with_occupancy_days_modifiers,0.0369666906763815
thrnig1,KZ,0.006342025513839239,0.005461285572161001,0.0063621787392123,prebreeding_migration,0.0207000891057913,0.0038209385613552,0.0029051236632889,21.0,2.07000891057913,0.0026448300665099615,very_rare,0.26448300665099617,,peak_abundance_with_occupancy_days_modifiers,0.0207000891057913
asbfly,KZ,0.005683816468297672,0.003,0.0057,prebreeding_migration,0.0696,0.0139,0.0079,21.0,6.959999999999999,0.002370335574190707,very_rare,0.2370335574190707,,peak_abundance_with_occupancy_days_modifiers,0.0696
winwre4,KZ,0.005385472276337817,0.001525,0.0054,nonbreeding,0.0421,,,,4.21,0.0022459163823501686,very_rare,0.22459163823501685,,peak_abundance_with_occupancy_days_modifiers,0.0421
himgri1,KZ,0.005286004429237355,0.0053,0.0053,resident,0.017,0.0129,0.0092,365.0,1.7000000000000002,0.0022044350682040464,very_rare,0.22044350682040464,,peak_abundance_with_occupancy_days_modifiers,0.017
santer1,KZ,0.004944158284271744,0.0049564008028426,0.0049564008028426,postbreeding_migration,0.0023710146102863,0.0005559935899255512,0.0005921599262080366,0.0,0.23710146102863,0.002061874152869866,very_rare,0.20618741528698661,,peak_abundance_with_occupancy_days_modifiers,0.0023710146102863
rerswa1,KZ,0.004091617903253566,0.0028333333333333335,0.0041,breeding,0.0158,0.0034,0.0012,63.0,1.58,0.0017063371989880915,very_rare,0.17063371989880916,,peak_abundance_with_occupancy_days_modifiers,0.0158
eurspo1,KZ,0.0038842001403847667,0.0035385776583231002,0.0038917534220697,breeding,0.0064917926110654,0.0015219725356934,0.0005364693088284923,0.0,0.64917926110654,0.0016198372733150566,very_rare,0.16198372733150565,,peak_abundance_with_occupancy_days_modifiers,0.0064917926110654
eupfly1,KZ,0.0035693479779064195,0.001795431498340551,0.0035757256862293,prebreeding_migration,0.0163415822362232,0.0018031925230349,0.0016289625679138,7.0,1.63415822362232,0.001488533723051576,very_rare,0.1488533723051576,,peak_abundance_with_occupancy_days_modifiers,0.0163415822362232
commer,KZ,0.0032039003642610735,0.0032090383387539,0.0032090383387539,breeding,0.0107525320499722,0.0010225502094228,0.0006300286598871555,7.0,1.07525320499722,0.001336130230792837,very_rare,0.1336130230792837,,peak_abundance_with_occupancy_days_modifiers,0.0107525320499722
whtdip1,KZ,0.003095204907302419,0.0021,0.0031,nonbreeding,0.0341,0.0117,0.0167,98.0,3.4099999999999997,0.001290800704440433,very_rare,0.1290800704440433,,peak_abundance_with_occupancy_days_modifiers,0.0341
medgul1,KZ,0.00305217220538406,0.0030568348254694,0.0030568348254694,breeding,0.0032002554894984,0.0025916862623646,0.0025393884686976,0.0,0.32002554894984003,0.0012728546738499172,very_rare,0.12728546738499172,,peak_abundance_with_occupancy_days_modifiers,0.0032002554894984
eurnut2,KZ,0.002995508979798479,0.003,0.003,resident,0.0097,,,,0.97,0.001249224273378119,very_rare,0.12492242733781189,,peak_abundance_with_occupancy_days_modifiers,0.0097
smew,KZ,0.002995508979798479,0.0019666666666666665,0.003,prebreeding_migration,0.0185,0.0251,0.0096,7.0,1.8499999999999999,0.001249224273378119,very_rare,0.12492242733781189,,peak_abundance_with_occupancy_days_modifiers,0.0185
yebwar3,KZ,0.002895803112025565,0.0029,0.0029,prebreeding_migration,0.0243,,,,2.4299999999999997,0.0012076436969017555,very_rare,0.12076436969017555,,peak_abundance_with_occupancy_days_modifiers,0.0243
squher1,KZ,0.002596625847265978,0.0008999999999999999,0.0026,breeding,0.0231,0.0071,0.0044,28.0,2.31,0.001082877086719314,very_rare,0.1082877086719314,,peak_abundance_with_occupancy_days_modifiers,0.0231
savwar1,KZ,0.002583440041152789,0.0023019783429211998,0.0025867799979493,prebreeding_migration,0.0349743143693037,0.0373702601836303,0.016482228288819,35.0,3.49743143693037,0.0010773781784631084,very_rare,0.10773781784631084,,peak_abundance_with_occupancy_days_modifiers,0.0349743143693037
piebus1,KZ,0.002496880198587199,0.0021,0.0025,prebreeding_migration,0.0102,0.0053,0.004,28.0,1.02,0.0010412799203166443,very_rare,0.10412799203166442,,peak_abundance_with_occupancy_days_modifiers,0.0102
merlin,KZ,0.0023979370493891618,0.0012912599394186634,0.0024008143998777,prebreeding_migration,0.0648844944581653,0.0046982585305166,0.0047518047978181,35.0,6.48844944581653,0.0010000174221915694,very_rare,0.10000174221915695,,peak_abundance_with_occupancy_days_modifiers,0.0648844944581653
eurjay1,KZ,0.0022491598267344397,0.0022516910840759,0.0022516910840759,resident,0.0430415915373722,0.0030499388209719,0.0002618175115950558,365.0,4.30415915373722,0.0009379725012384353,very_rare,0.09379725012384353,,peak_abundance_with_occupancy_days_modifiers,0.0430415915373722
perfal,KZ,0.0022017204860212626,0.001698932576349425,0.0022041460523836,prebreeding_migration,0.101730033560301,0.0041696487936025,0.0047538207167607,56.0,10.1730033560301,0.0009181887595332073,very_rare,0.09181887595332072,,peak_abundance_with_occupancy_days_modifiers,0.101730033560301
ettwoo1,KZ,0.0017870647010631486,0.0017886624528062,0.0017886624528062,resident,0.077784928277296,0.0135917116920867,0.0101087524997629,365.0,7.7784928277295995,0.0007452638659142577,very_rare,0.07452638659142577,,peak_abundance_with_occupancy_days_modifiers,0.077784928277296
orisky1,KZ,0.0017364663138476038,0.0008779857668948293,0.0017379748445217,breeding,0.0138412033688774,0.0005210497376353847,0.0001987873202049858,0.0,1.3841203368877402,0.0007241626994914913,very_rare,0.07241626994914913,,peak_abundance_with_occupancy_days_modifiers,0.0138412033688774
redwin,KZ,0.0014988761237358919,0.0007333333333333333,0.0015,breeding,0.015,,,,1.5,0.0006250798943303071,very_rare,0.06250798943303071,,peak_abundance_with_occupancy_days_modifiers,0.015
spocra1,KZ,0.001399020913707341,0.0007,0.0014,prebreeding_migration,0.0743,,,,7.430000000000001,0.0005834370372959348,very_rare,0.05834370372959348,,peak_abundance_with_occupancy_days_modifiers,0.0743
palwar5,KZ,0.0011992805754820971,0.0012,0.0012,postbreeding_migration,0.0052,0.0015,0.001,14.0,0.52,0.0005001388463819827,very_rare,0.050013884638198274,,peak_abundance_with_occupancy_days_modifiers,0.0052
whcred1,KZ,0.0011992805754820971,0.0007,0.0012,postbreeding_migration,0.0093,,,,0.9299999999999999,0.0005001388463819827,very_rare,0.050013884638198274,,peak_abundance_with_occupancy_days_modifiers,0.0093
ashdro1,KZ,0.0011992805754820971,0.0007,0.0012,breeding,0.0025,0.0015,0.0039,14.0,0.25,0.0005001388463819827,very_rare,0.050013884638198274,,peak_abundance_with_occupancy_days_modifiers,0.0025
wallcr1,KZ,0.0009995003330835331,0.0005,0.001,nonbreeding,0.0213,0.0174,0.0306,56.0,2.13,0.00041682401413511066,very_rare,0.04168240141351107,,peak_abundance_with_occupancy_days_modifiers,0.0213
meapip1,KZ,0.0009378025901176975,0.000938242464461066,0.000938242464461066,prebreeding_migration,0.0081077859015712,0.0006405975849712226,0.00011222187506870976,0.0,0.8107785901571201,0.0003910940568406326,very_rare,0.03910940568406326,,peak_abundance_with_occupancy_days_modifiers,0.0081077859015712
lotmin1,KZ,0.0007996801705643322,0.0006000000000000001,0.0008,breeding,0.0028,,,,0.27999999999999997,0.0003334925339049559,very_rare,0.03334925339049559,,peak_abundance_with_occupancy_days_modifiers,0.0028
himsno,KZ,0.0005998200719676155,0.0006,0.0006,resident,0.0029,0.0383,0.0601,365.0,0.29,0.0002501443990368907,very_rare,0.02501443990368907,,peak_abundance_with_occupancy_days_modifiers,0.0029
woowar,KZ,0.0005998200719676155,0.00019999999999999998,0.0006,postbreeding_migration,0.0612,0.0121,0.003,28.0,6.12,0.0002501443990368907,very_rare,0.02501443990368907,,peak_abundance_with_occupancy_days_modifiers,0.0612
tawowl1,KZ,0.0005732489583159997,0.0005734132969009123,0.0005734132969009123,resident,0.0190513098654507,0.0010358476990963,0.0002159539143437231,365.0,1.9051309865450698,0.00023906338396795758,very_rare,0.02390633839679576,,peak_abundance_with_occupancy_days_modifiers,0.0190513098654507
grswoo,KZ,0.0005566200306063178,0.0005567749722821004,0.0005567749722821004,resident,0.0186477294039259,0.0033010879601418,0.00019430467491929172,365.0,1.8647729403925901,0.00023212858247840043,very_rare,0.023212858247840043,,peak_abundance_with_occupancy_days_modifiers,0.0186477294039259
grybus1,KZ,0.000499875041651048,0.00039999999999999996,0.0005,breeding,0.0013,0.0024,0.0062,21.0,0.13,0.00020846408403300828,very_rare,0.020846408403300827,,peak_abundance_with_occupancy_days_modifiers,0.0013
corcra,KZ,0.000499875041651048,0.0005,0.0005,breeding,0.0052,,,,0.52,0.00020846408403300828,very_rare,0.020846408403300827,,peak_abundance_with_occupancy_days_modifiers,0.0052
brodip1,KZ,0.0003999200213269354,0.0004,0.0004,resident,0.0026,,,,0.26,0.00016677960287238907,very_rare,0.016677960287238905,,peak_abundance_with_occupancy_days_modifiers,0.0026
gyhchi,KZ,0.00029995500899797546,0.0003,0.0003,resident,0.0082,,,,0.8200000000000001,0.00012509095472209328,very_rare,0.012509095472209329,,peak_abundance_with_occupancy_days_modifiers,0.0082
gyfwoo1,KZ,0.00029172071157753526,0.0002917632662022381,0.0002917632662022381,resident,0.0172679123443612,0.0010366962187644,0.00019611039543673145,365.0,1.7267912344361198,0.00012165698597718099,very_rare,0.0121656985977181,,peak_abundance_with_occupancy_days_modifiers,0.0172679123443612
martit2,KZ,0.00027129941539830366,0.0002713362204130191,0.0002713362204130191,resident,0.0205078052954209,0.00045898475640529713,1.207421267255233e-05,365.0,2.05078052954209,0.00011314064399553682,very_rare,0.011314064399553682,,peak_abundance_with_occupancy_days_modifiers,0.0205078052954209
euhbuz1,KZ,0.00020979503383178658,9.193873208748815e-05,0.00020981704234896244,prebreeding_migration,0.0005901629646423141,2.2103888627821587e-05,2.3958401606131106e-05,0.0,0.05901629646423141,8.74913246678222e-05,very_rare,0.00874913246678222,,peak_abundance_with_occupancy_days_modifiers,0.0005901629646423141
verfly4,KZ,0.00019998000266626675,0.00015000000000000001,0.0002,prebreeding_migration,0.0006,0.0004,0.0013,0.0,0.06,8.339813874893117e-05,very_rare,0.008339813874893118,,peak_abundance_with_occupancy_days_modifiers,0.0006
marwar3,KZ,0.00019998000266626675,0.0001,0.0002,breeding,0.0025,0.0018,0.0007,14.0,0.25,8.339813874893117e-05,very_rare,0.008339813874893118,,peak_abundance_with_occupancy_days_modifiers,0.0025
leswoo1,KZ,0.00019998000266626675,0.0002,0.0002,resident,0.0061,0.0025,0.0017,365.0,0.61,8.339813874893117e-05,very_rare,0.008339813874893118,,peak_abundance_with_occupancy_days_modifiers,0.0061
garwar1,KZ,9.999500033330834e-05,6.666666666666667e-05,0.0001,breeding,0.0029,0.0012,0.0002,14.0,0.29,4.170115411946329e-05,very_rare,0.004170115411946329,,peak_abundance_with_occupancy_days_modifiers,0.0029
whbwoo1,KZ,9.999500033330834e-05,0.0001,0.0001,resident,0.005,,,,0.5,4.170115411946329e-05,very_rare,0.004170115411946329,,peak_abundance_with_occupancy_days_modifiers,0.005
eyethr,KZ,9.999500033330834e-05,0.0001,0.0001,prebreeding_migration,0.0003,,,,0.03,4.170115411946329e-05,very_rare,0.004170115411946329,,peak_abundance_with_occupancy_days_modifiers,0.0003
bcrthr1,KZ,9.999500033330834e-05,0.0001,0.0001,breeding,0.0005,0.0056,0.0055,0.0,0.05,4.170115411946329e-05,very_rare,0.004170115411946329,,peak_abundance_with_occupancy_days_modifiers,0.0005
parwar1,KZ,9.999500033330834e-05,5e-05,0.0001,breeding,0.0009,,,,0.09,4.170115411946329e-05,very_rare,0.004170115411946329,,peak_abundance_with_occupancy_days_modifiers,0.0009
grnwar1,KZ,9.999500033330834e-05,5e-05,0.0001,postbreeding_migration,0.0236,0.0486,0.0042,14.0,2.36,4.170115411946329e-05,very_rare,0.004170115411946329,,peak_abundance_with_occupancy_days_modifiers,0.0236
grseag1,KZ,9.999500033330834e-05,0.0001,0.0001,nonbreeding,0.0031,0.0026,0.0019,14.0,0.31,4.170115411946329e-05,very_rare,0.004170115411946329,,peak_abundance_with_occupancy_days_modifiers,0.0031
stonec7,KZ,9.999500033330834e-05,5e-05,0.0001,breeding,0.0005,0.0,0.0,0.0,0.05,4.170115411946329e-05,very_rare,0.004170115411946329,,peak_abundance_with_occupancy_days_modifiers,0.0005
woolar1,KZ,9.999500033330834e-05,0.0001,0.0001,postbreeding_migration,0.0007,0.0004,0.0001,0.0,0.06999999999999999,4.170115411946329e-05,very_rare,0.004170115411946329,,peak_abundance_with_occupancy_days_modifiers,0.0007
borowl,KZ,5.33778009355134e-05,4.300861083782984e-05,5.3379225555677344e-05,breeding,0.0537578151501163,0.0040039404659579,0.0077065518371504,238.0,5.375781515011631,2.226027197311618e-05,very_rare,0.002226027197311618,,peak_abundance_with_occupancy_days_modifiers,0.0537578151501163
arcloo,KZ,4.036522669995373e-05,4.036604138667863e-05,4.036604138667863e-05,breeding,3.250100423345094e-05,1.9029133603547032e-05,6.303639891076768e-05,0.0,0.003250100423345094,1.6833607021020214e-05,very_rare,0.0016833607021020213,,peak_abundance_with_occupancy_days_modifiers,3.250100423345094e-05
blawoo1,KZ,0.0,0.0,0.0,resident,0.0001,,,,0.01,0.0,very_rare,0.0,,peak_abundance_with_occupancy_days_modifiers,0.0001
ictwar1,KZ,0.0,0.0,0.0,breeding,0.0,,,,0.0,0.0,very_rare,0.0,,peak_abundance_with_occupancy_days_modifiers,0.0
jacsni,KZ,0.0,0.0,0.0,prebreeding_migration,0.001,,,,0.1,0.0,very_rare,0.0,,peak_abundance_with_occupancy_days_modifiers,0.001
colfly1,KZ,0.0,0.0,0.0,prebreeding_migration,0.0001,,,,0.01,0.0,very_rare,0.0,,peak_abundance_with_occupancy_days_modifiers,0.0001
eurwar2,KZ,0.0,0.0,0.0,breeding,0.001,0.0008,0.0003,7.0,0.1,0.0,very_rare,0.0,,peak_abundance_with_occupancy_days_modifiers,0.001
litcra1,KZ,0.0,0.0,0.0,postbreeding_migration,0.0002,,,,0.02,0.0,very_rare,0.0,,peak_abundance_with_occupancy_days_modifiers,0.0002
